Number,PLAYER,TEAM,AGE,GP,W,L,MIN,PTS,FGM,FGA,FG%,3PM,3PA,3P%,FTM,FTA,FT%,OREB,DREB,REB,AST,TOV,STL,BLK,PF,FP,DD2,TD3,+/-,Play
1,James Harden,HOU,30,48,32,16,37.1,35.4,10.2,23.4,43.5,4.6,12.8,35.8,10.5,12,86.9,1.1,5.4,6.5,7.3,4.5,1.7,0.9,3.3,57.5,16,2,4.3,Yes
2,Giannis Antetokounmpo,MIL,25,47,40,7,30.8,30.2,11.1,20.1,55.3,1.6,5,31.3,6.4,10.5,61.2,2.4,10.9,13.4,5.8,3.6,1.1,1,3.1,57.7,42,4,10.3,Yes
3,Damian Lillard,POR,29,50,24,26,37,29.6,9.3,20.3,46.1,3.9,10,39.3,7,7.8,89,0.5,3.8,4.3,8,2.9,1,0.3,1.7,47.7,15,1,1.1,Yes
4,Trae Young,ATL,21,47,12,35,34.9,29.3,9.2,20.6,44.5,3.4,9.3,37,7.6,8.9,84.5,0.6,4,4.6,9,4.9,1.1,0.1,1.7,47.3,19,2,-4.2,Yes
5,Bradley Beal,WAS,26,42,13,29,35.6,29.2,9.9,21.7,45.5,2.6,7.9,32.6,6.8,8.1,84.7,1,3.5,4.5,6.3,3.2,1,0.4,2.2,45,7,0,-5.1,No
6,Luka Doncic,DAL,20,43,27,16,32.8,28.8,9.5,20.5,46.4,2.9,9.1,32.1,6.9,9,76.3,1.4,8.1,9.5,8.7,4.2,1,0.2,2.4,52.7,28,12,4.7,Yes
7,Kyrie Irving,BKN,27,20,8,12,32.9,27.4,10,20.8,47.8,2.8,7.1,39.4,4.7,5.1,92.2,1.1,4.1,5.2,6.4,2.6,1.4,0.5,2.7,46.1,3,1,-0.4,No
8,Kawhi Leonard,LAC,28,39,31,8,32.2,27,9.4,20.3,46.4,2.1,5.6,37.3,6.1,6.8,89.1,1.1,6.5,7.5,5.3,3.1,1.9,0.7,1.9,48.6,11,1,9.2,Yes
9,Devin Booker,PHX,23,48,20,28,36.1,26.7,9.1,18,50.6,1.9,5.3,36.2,6.6,7.2,91.6,0.5,3.6,4.1,6.3,3.9,0.8,0.2,3.1,40.2,6,0,0.8,No
10,Russell Westbrook,HOU,31,43,28,15,36,26.7,10.3,22.4,45.8,1,4.1,23.7,5.2,6.5,79,1.7,6.3,8,7.3,4.4,1.6,0.3,3.7,48.8,18,8,2.8,Yes
11,Karl-Anthony Towns,MIN,24,33,9,24,33.8,26.7,9.2,18.1,50.7,3.3,8.1,40.6,5.1,6.4,80.5,2.7,8.1,10.8,4.2,3.1,0.9,1.2,3.4,49.2,22,0,-1,No
12,Anthony Davis,LAL,26,43,33,10,34.6,26.5,9.3,17.9,51.6,1.1,3.4,31.5,6.9,8,86.4,2.1,7.1,9.2,3.3,2.4,1.5,2.4,2.5,51.9,20,0,4.6,Yes
13,LeBron James,LAL,35,48,37,11,34.9,25.1,9.6,19.5,49.1,2.1,6.1,34.6,3.8,5.4,69.3,1,6.7,7.7,10.8,3.9,1.3,0.5,1.7,52,36,11,8.5,Yes
14,Zach LaVine,CHI,24,53,19,34,34.4,24.9,8.6,19.5,44.2,2.9,7.8,37.3,4.7,5.7,82.5,0.7,4.1,4.8,4.1,3.2,1.4,0.5,2.2,39.2,2,0,-2.7,No
15,Brandon Ingram,NOP,22,47,18,29,34.1,24.9,8.5,18,47.3,2.5,6.3,40,5.3,6.1,86.2,0.9,5.5,6.4,4.2,3,1,0.7,2.8,41,8,0,-1.5,Yes
16,Donovan Mitchell,UTA,23,49,31,18,34.3,24.5,9.1,19.9,45.5,2.4,6.6,36,3.9,4.6,86.1,0.7,3.5,4.3,4.2,2.5,1.1,0.2,2.5,37.5,1,0,3.3,Yes
17,Pascal Siakam,TOR,25,40,31,9,34.9,23.7,8.8,19,46,2.1,5.8,36.5,4.1,5.1,80.7,1.2,6.5,7.7,3.5,2.5,1,0.9,2.8,41.4,10,0,7.5,Yes
18,D'Angelo Russell,GSW,23,33,8,25,32.1,23.6,8.3,19.2,43,3.6,9.7,37.4,3.4,4.4,78.5,0.4,3.3,3.7,6.2,3.1,0.9,0.3,1.9,38,1,0,-7,No
19,DeMar DeRozan,SAS,30,51,22,29,34.4,23.2,8.6,16.2,53.4,0.2,0.6,27.6,5.8,6.8,84.5,0.6,5.1,5.7,5.2,2.5,1.1,0.2,2.7,39.3,4,0,-2.3,No
20,Joel Embiid,PHI,25,36,22,14,30.9,23,7.5,16.2,46.6,1.3,4,32.9,6.7,8.2,81.6,2.6,9.5,12.1,3.2,3,0.7,1.3,3.5,45.3,28,0,2.7,Yes
21,Paul George,LAC,29,30,22,8,30,22.7,7.4,17.2,43,3.5,8.7,40,4.4,4.9,90.5,0.5,5.6,6.1,4,3.1,1.4,0.4,2.5,38.4,4,0,5.3,No
22,Andrew Wiggins,MIN,24,42,12,30,34.7,22.4,8.4,18.8,44.4,2.2,6.5,33.1,3.5,4.9,72,1.1,4.1,5.2,3.7,2.5,0.7,0.9,2.4,36.3,2,1,-2.8,No
23,Kemba Walker,BOS,29,42,29,13,32.1,22,7.4,16.9,43.9,3.4,8.8,38.8,3.8,4.4,86.5,0.7,3.2,4,5,2.2,1,0.6,1.6,37.1,2,0,5.5,Yes
24,Jayson Tatum,BOS,21,46,33,13,33.7,21.9,8,18.3,43.7,2.5,6.7,37.5,3.5,4.1,84.2,1,5.9,6.8,2.9,2.1,1.4,0.8,2,39.1,6,0,8.7,Yes
25,CJ McCollum,POR,28,48,23,25,35.5,21.3,8.5,18.9,45.1,2.6,6.9,37.9,1.7,2.2,75.7,0.7,3.3,4,3.8,1.7,0.8,0.7,2.5,34.3,1,0,0.3,No
26,Bojan Bogdanovic,UTA,30,49,32,17,33.2,21.1,6.9,15.3,45.1,3.2,7.6,42.6,4,4.4,90.3,0.6,3.5,4.1,2.1,2.6,0.6,0.1,1.7,28.5,0,0,6.4,No
27,Spencer Dinwiddie,BKN,26,50,23,27,31,21,6.9,16.5,41.9,2,6.2,31.6,5.2,6.8,77.3,0.5,2.8,3.3,6.4,2.8,0.7,0.3,2.9,34.7,5,0,1.5,No
28,Nikola Jokic,DEN,24,52,36,16,32.3,20.6,8,15.5,51.7,1.3,3.8,33,3.3,4.2,80.1,2.4,7.9,10.3,6.8,2.9,1.2,0.6,3.1,45.6,33,11,4.4,Yes
29,Jimmy Butler,MIA,30,44,30,14,34.4,20.5,6,13.3,45.2,0.6,2.5,25.5,7.8,9.4,83.7,1.9,4.9,6.8,6.3,2.3,1.8,0.5,1.4,42.7,9,3,5.4,Yes
30,Khris Middleton,MIL,28,44,37,7,29.3,20.3,7.4,14.7,50.7,2.4,5.4,43.9,3.1,3.5,90.1,0.8,5.1,5.9,4.2,1.9,0.9,0.2,2.2,35,3,0,8.8,Yes
31,Jaylen Brown,BOS,23,42,29,13,33.6,20.3,7.5,15.1,49.6,2,5.3,37.5,3.4,4.5,74.6,1.1,5.5,6.5,2.2,2.4,1.1,0.3,3,33.4,6,0,4.1,No
32,Buddy Hield,SAC,27,50,19,31,33.5,20.3,7.4,17.3,42.7,3.7,9.9,37.6,1.8,2.2,82.4,0.9,4,5,3.1,2.5,0.8,0.3,2.5,31.9,2,0,-2.3,No
33,Stephen Curry,GSW,31,4,1,3,28,20.3,6.8,16.5,40.9,2.3,9.3,24.3,4.5,4.5,100,1,4,5,6.5,3.8,1.3,0.5,2.5,37.5,1,0,-8,No
34,De'Aaron Fox,SAC,22,32,10,22,31.5,20.2,7.3,15.3,48.2,1,3.2,31.4,4.5,6.6,68.7,0.8,3.5,4.3,7,3.5,1.6,0.5,2.9,38.7,6,0,-2,No
35,Collin Sexton,CLE,21,52,13,39,32.2,19.9,7.7,16.6,46.3,1.3,3.6,37,3.2,3.7,85.5,1,2.2,3.2,2.6,2.2,1,0.1,2,28.9,0,0,-6.8,No
36,Zion Williamson,NOP,19,8,4,4,26.9,19.8,7.8,13.5,57.4,0.5,1.1,44.4,3.8,6.4,58.8,3.3,4.3,7.5,2,2.9,0.8,0.4,1.8,32.3,2,0,6.8,No
37,Kyle Lowry,TOR,33,40,28,12,36.6,19.7,6,14.3,41.6,2.8,8.1,34.8,5,5.8,85.8,0.6,4,4.6,7.3,2.8,1.3,0.4,3.2,38.4,8,1,4.4,Yes
38,John Collins,ATL,22,26,9,17,31.2,19.7,8.1,14.4,56,1.3,3.7,35.8,2.2,2.8,79.5,2.6,7.7,10.3,1.2,1.8,0.7,1.7,3.7,39.3,14,0,-4.8,No
39,Marcus Morris Sr.,NYK,30,43,14,29,32.3,19.6,6.5,14.8,44.2,2.7,6.1,43.9,3.8,4.6,82.3,1.1,4.3,5.4,1.4,1.7,0.8,0.4,3,29.9,3,0,-2.9,No
40,Shai Gilgeous-Alexander,OKC,21,51,31,20,35.6,19.5,7.1,15.3,46,1.2,3.5,33.7,4.1,5.1,81.8,0.7,5.5,6.2,3.2,2,1.2,0.7,1.7,35.4,7,1,2.5,No
41,Lou Williams,LAC,33,48,34,14,29.8,19.4,6.3,15.2,41,1.8,5.2,35.1,5.1,5.8,87.1,0.4,2.6,3,6,3,0.6,0.2,1.4,31.2,2,0,2.8,No
42,Dennis Schroder,OKC,26,50,30,20,31.2,19.3,7.2,15.2,47.5,2.1,5.4,38.8,2.8,3.4,83,0.3,3.6,3.9,4.2,2.6,0.7,0.2,2.2,30.3,0,0,4.9,No
43,Jrue Holiday,NOP,29,43,17,26,34.8,19.2,7.6,17.3,43.8,2,5.8,34.3,2,2.8,71.3,1.3,3.4,4.7,6.3,2.9,1.7,0.9,2.1,39,5,0,-1.5,No
44,Tobias Harris,PHI,27,52,31,21,34.3,19.1,7.4,15.8,47.1,1.8,5,35.7,2.5,3.1,80.5,0.7,6,6.7,2.9,1.6,0.8,0.6,2.3,33.9,7,0,2.1,No
45,Danilo Gallinari,OKC,31,43,24,19,30.6,19.1,5.9,13.3,44.2,3,7.3,41,4.3,4.8,90.3,0.7,5,5.7,2.3,1.3,0.7,0.1,1.2,30.2,3,0,3,No
46,Montrezl Harrell,LAC,26,50,36,14,28.6,19,7.8,13.7,57.2,0,0.3,0,3.4,5.4,62.7,2.7,4.3,7.1,1.8,1.8,0.7,1.1,2.3,33.7,8,0,3.8,No
47,Julius Randle,NYK,25,50,16,34,32.5,19,7.1,15.7,45.3,1.1,4,26.5,3.7,5.3,71.1,2.3,7.2,9.5,3.3,3,0.8,0.3,2.8,35.6,21,0,-3.6,No
48,LaMarcus Aldridge,SAS,34,47,20,27,33.1,18.8,7.3,14.6,50.1,1.2,2.8,41.7,3,3.5,84.2,2,5.5,7.4,2.4,1.3,0.6,1.7,2.4,36.8,12,0,-2.7,No
49,Nikola Vucevic,ORL,29,41,17,24,31.9,18.8,7.5,16.5,45.3,1.7,4.8,35.4,2.2,2.8,78.8,2.7,8.1,10.8,3.5,1.5,0.9,0.9,2.3,40.8,25,0,0,No
50,Kelly Oubre Jr.,PHX,24,49,18,31,34.5,18.8,6.6,14.7,45.3,1.9,5.4,35.4,3.6,4.6,78.2,1.2,5.4,6.6,1.6,1.6,1.3,0.7,3.5,33.6,9,0,-0.8,No
51,Evan Fournier,ORL,27,51,21,30,31.5,18.7,6.6,14.2,46.2,2.6,6.5,40.4,2.9,3.5,82.9,0.2,2.5,2.7,3.2,2,1,0.2,2.5,28.3,0,0,-1.3,No
52,Deandre Ayton,PHX,21,21,9,12,33.1,18.6,8.3,15.7,53.2,0,0,0,2,2.5,78.8,4,8,12,2.1,1.7,0.7,1.6,3,41.2,14,0,2.3,No
53,Derrick Rose,DET,31,44,16,28,26.4,18.5,7.5,15.1,49.8,0.9,3,31.5,2.5,2.9,85.9,0.5,2,2.5,5.8,2.5,0.8,0.3,1,31.1,4,0,-0.7,No
54,Domantas Sabonis,IND,23,48,29,19,34.5,18.3,7.3,13.5,54,0.3,1,24,3.5,4.8,72.8,3.2,9.4,12.6,4.7,2.8,0.8,0.5,3.3,41.6,39,3,3.6,Yes
55,Kristaps Porzingis,DAL,24,39,23,16,30.6,18.2,6.3,15.3,41,2.3,6.6,35,3.3,4.3,77.1,1.7,7.4,9.1,1.4,1.7,0.7,1.9,3.1,37.2,16,0,4.2,No
56,T.J. Warren,IND,26,49,31,18,32.2,18.1,7.2,14,51.6,1.1,3,37.8,2.6,3.1,81.7,0.9,2.8,3.7,1.4,1.2,1.1,0.4,2.7,28.2,0,0,1.4,No
57,Terry Rozier,CHA,25,51,16,35,34.3,18,6.3,15,42,2.6,6.8,38.8,2.8,3.2,86.7,0.8,3.7,4.5,4.2,2.4,1.1,0.2,2.1,31,2,0,-7.4,No
58,Jamal Murray,DEN,22,42,30,12,31.9,18,6.6,15.1,43.9,1.7,5.1,33.2,3,3.4,90.1,0.8,3.2,4,4.6,2.1,1.3,0.3,1.7,32.2,1,0,5.2,No
59,Devonte' Graham,CHA,24,51,16,35,35.2,17.9,5.6,15.1,37.5,3.5,9.4,37.9,3,3.7,81.5,0.7,2.8,3.5,7.7,3,0.9,0.3,1.9,34.1,14,0,-3.4,No
60,Kevin Love,CLE,31,45,11,34,31.4,17.8,6,13.2,45.8,2.6,6.8,38.2,3.2,3.7,85.1,0.9,8.9,9.8,3,2.5,0.6,0.3,1.6,34.4,19,0,-6.1,No
61,Andre Drummond,DET,26,49,17,32,33.7,17.8,7.3,13.9,53,0,0.4,4.8,3,5.2,58.4,4.6,11.2,15.8,2.8,3.6,2,1.7,3.6,48.4,42,0,-2.5,No
62,Jaren Jackson Jr.,MEM,20,49,26,23,28.2,17.6,6.4,13.4,47.6,2.6,6.4,40.5,2.3,3,75,1,3.7,4.7,1.4,1.7,0.7,1.7,4,30.7,2,0,-1.2,No
63,Fred VanVleet,TOR,25,41,30,11,35.9,17.6,5.9,14.5,40.8,2.7,6.8,39.6,3,3.7,82.8,0.4,3.4,3.9,7,2.2,2,0.3,2.4,37.3,6,0,3.4,No
64,Ja Morant,MEM,20,45,25,20,29.8,17.4,6.6,13.3,49.9,0.8,2.1,38.7,3.3,4.3,78.1,0.6,2.8,3.4,7,3.2,1,0.3,1.6,32.6,8,0,0.3,No
65,Gordon Hayward,BOS,29,34,23,11,32.7,17.2,6.8,13.2,51.2,1.6,4.1,38.4,2.1,2.4,87.8,1,5.4,6.4,4,1.8,0.8,0.4,1.8,32.7,5,0,6.5,No
66,Chris Paul,OKC,34,50,31,19,31.6,17,5.9,12.5,47.7,1.6,4.4,35.6,3.6,4,89.9,0.3,4.7,5,6.6,2.1,1.6,0.1,2.3,36,7,0,4.8,Yes
67,Malcolm Brogdon,IND,27,37,24,13,30.5,16.9,6.2,13.9,44.5,1.4,4.2,33.8,3.1,3.4,90.4,0.8,3.8,4.6,7.3,2.6,0.7,0.2,1.8,33.5,8,0,2.1,No
68,Ben Simmons,PHI,23,50,30,20,36.2,16.6,6.6,11.3,58.7,0,0.1,33.3,3.3,5.3,62.1,2,5.9,7.9,8.2,3.5,2.1,0.6,3.3,43.2,27,4,1.1,Yes
69,Alec Burks,GSW,28,48,11,37,29,16.1,5.1,12.5,40.6,1.8,4.7,37.5,4.2,4.7,89.7,0.8,3.9,4.7,3.1,1.6,1,0.4,2.2,29.1,1,0,-5.4,No
70,Dillon Brooks,MEM,24,51,26,25,28.4,16.1,5.8,13.7,42.2,2.1,5.3,39.9,2.3,2.8,84.4,1,2.4,3.4,2.1,1.6,1,0.4,3.7,25.8,0,0,-0.8,No
71,Goran Dragic,MIA,33,39,27,12,28.1,15.9,5.4,12,45,2.2,5.7,39.4,2.9,3.8,75.8,0.4,2.5,2.9,5,2.4,0.6,0.2,1.9,26.8,2,0,2.2,No
72,Bam Adebayo,MIA,22,50,34,16,34.7,15.9,6.1,10.6,58,0,0.2,9.1,3.6,5.2,68.8,2.6,7.8,10.4,4.9,2.7,1.2,1.1,2.4,40.1,29,3,4.3,Yes
73,Hassan Whiteside,POR,30,48,24,24,30.7,15.8,6.6,10.7,61.3,0,0.1,50,2.6,3.7,72.2,4,10,14.1,1.1,1.9,0.4,3.1,3,43,38,0,1.5,No
74,Serge Ibaka,TOR,30,41,29,12,26.6,15.8,6.4,12.3,52.3,1.1,2.9,39,1.8,2.4,74.7,2.1,5.9,8,1.3,1.9,0.6,0.8,2.7,29.6,14,0,1.3,No
75,Luke Kennard,DET,23,28,11,17,32.9,15.8,5.4,12.2,44.2,2.6,6.5,39.9,2.4,2.7,89.3,0.3,3.2,3.5,4.1,1.5,0.4,0.2,2.3,26.5,0,0,-0.8,No
76,Kendrick Nunn,MIA,24,47,33,14,30.2,15.8,6.2,13.6,45.8,2,5.6,36,1.3,1.6,82.2,0.3,2.5,2.8,3.5,1.8,0.9,0.2,2.3,25.8,0,0,2.6,No
77,Eric Gordon,HOU,31,27,17,10,30.2,15.7,5.1,13.7,37.7,3,9.1,33.5,2.3,3.2,72.4,0.3,1.8,2,1.5,1,0.6,0.4,2,22.3,0,0,0.5,No
78,Rudy Gobert,UTA,27,48,31,17,34.4,15.6,6,8.7,68.8,0,0,0,3.7,6,61.2,3.7,10.8,14.5,1.6,2,0.7,2,3.1,41.5,38,0,6.7,Yes
79,Carmelo Anthony,POR,35,36,17,19,32.4,15.5,5.9,13.9,42.5,1.4,3.9,37.1,2.3,2.7,84.4,1.2,5.3,6.5,1.6,1.7,0.9,0.5,3,28.1,4,0,0,No
80,Blake Griffin,DET,30,18,8,10,28.5,15.5,4.9,13.9,35.2,1.5,6.2,24.3,4.2,5.4,77.6,0.9,3.7,4.7,3.3,2.2,0.4,0.4,1.5,26.1,2,0,-1.4,No
81,Eric Bledsoe,MIL,30,43,38,5,26.9,15.3,5.7,11.8,47.9,1.2,3.6,34.6,2.8,3.4,81.5,0.8,3.9,4.7,5.3,2.3,0.9,0.5,2.1,30.8,1,0,8.5,No
82,Norman Powell,TOR,26,38,29,9,28.2,15.3,5.5,11.1,49.8,2,5.1,40.1,2.2,2.6,84,0.6,3.3,3.9,1.7,1.5,1.3,0.4,2,25.9,0,0,4.1,No
83,JJ Redick,NOP,35,47,19,28,27.2,15.3,4.8,10.5,45.4,3,6.5,46.1,2.7,3.1,88.9,0.2,2.4,2.6,1.9,1.2,0.3,0.1,1.6,21.5,0,0,-0.3,No
84,Will Barton,DEN,29,48,33,15,33.3,15.1,5.8,12.9,44.7,1.8,4.8,38.2,1.8,2.4,76.1,1.5,5,6.5,3.7,1.4,1.1,0.5,2,31.8,7,0,4.8,No
85,Jonas Valanciunas,MEM,27,48,24,24,25.9,15.1,6.4,10.8,59.1,0.6,1.5,38,1.8,2.4,73.3,2.8,7.5,10.3,1.9,1.8,0.4,1.1,2.7,33.1,24,0,0.3,No
86,Jabari Parker,ATL,24,32,6,26,26.2,15,6.2,12.3,50.4,1,3.6,27,1.7,2.3,73.6,1.7,4.3,6,1.8,1.9,1.3,0.5,2.9,28.4,2,0,-4.2,No
86,Lauri Markkanen,CHI,22,46,17,29,30.3,15,5.1,12,42.4,2.2,6.4,34.4,2.7,3.2,82.6,1.2,5.2,6.5,1.5,1.7,0.8,0.5,2,27.4,3,0,-1.7,No
88,Davis Bertans,WAS,27,40,13,27,29.3,15,4.8,11.1,43.6,3.6,8.4,42.9,1.7,2,87.3,0.8,3.9,4.6,1.8,1,0.7,0.7,2.5,26.5,1,0,0.5,No
89,Josh Richardson,PHI,26,38,22,16,31.5,15,5.5,12.6,43.6,1.6,4.8,33.3,2.4,2.9,81.8,0.8,2.5,3.3,3.4,2.1,1,0.6,2.7,26.6,0,0,2,No
90,Jordan Clarkson,UTA,27,49,22,27,23.9,14.8,5.3,11.7,45,2.1,5.7,36.9,2.1,2.6,83.2,0.7,1.7,2.4,2,1.2,0.6,0.3,1.3,22.1,0,0,-1.7,No
91,Bogdan Bogdanovic,SAC,27,39,17,22,28.1,14.6,5.3,12.2,43.7,2.6,6.9,37.8,1.4,2,69.2,0.3,2.8,3.1,3.3,1.9,0.9,0.2,2.1,24.8,2,0,-1.3,No
92,Harrison Barnes,SAC,27,50,19,31,34.8,14.4,5,11.2,44.4,1.3,3.6,34.8,3.2,4.1,79.3,0.9,3.9,4.8,2.1,1.2,0.6,0.2,1.2,24.4,3,0,-0.9,No
93,Caris LeVert,BKN,25,25,11,14,26.4,14.4,5.3,13.6,38.8,1.4,3.8,36.2,2.4,3.6,68.5,0.9,2.7,3.6,3.6,2.5,0.8,0.1,1.8,24.1,0,0,-1,No
94,Marvin Bagley III,SAC,20,13,2,11,25.7,14.2,6,12.8,46.7,0.3,1.7,18.2,1.9,2.4,80.6,2.2,5.2,7.5,0.8,1.4,0.5,0.9,3.3,27.1,3,0,-6.8,No
95,Tim Hardaway Jr.,DAL,27,48,30,18,26.9,14.2,4.9,11.7,42.3,2.7,6.8,39.5,1.7,2.1,80.8,0.4,2.6,3,1.7,1,0.6,0.1,1.8,21.4,0,0,5,No
96,Reggie Jackson,DET,29,10,4,6,25.2,14.1,5.1,13.6,37.5,2.1,5.2,40.4,1.8,2.3,78.3,0.8,2.4,3.2,4.6,1.3,0.7,0.1,1.2,25.9,0,0,3,No
97,RJ Barrett,NYK,19,42,12,30,30.9,14,5.1,12.9,39.4,1.1,3.5,33.1,2.8,4.6,60.1,1,4.1,5.2,2.5,2.2,1,0.4,2.2,26,2,0,-6.3,No
98,Clint Capela,ATL,25,39,22,17,32.8,13.9,6.3,9.9,62.9,0,0,0,1.4,2.7,52.9,4.3,9.5,13.8,1.2,1.6,0.8,1.8,2.6,38.8,27,0,1.5,No
99,Aaron Gordon,ORL,24,46,20,26,31.9,13.8,5.2,12.3,42.4,1.2,4,30.2,2.2,3.3,65.1,1.6,5.6,7.2,3,1.6,0.8,0.5,2,29.1,13,0,-2.7,No
100,Rui Hachimura,WAS,21,26,8,18,29,13.8,5.8,12,48.6,0.4,1.8,20.8,1.8,2.2,83.9,1.5,4.4,5.9,1.5,0.8,0.7,0.1,2.2,24.8,2,0,-8,No
101,Joe Harris,BKN,28,49,23,26,31.3,13.8,5.2,11.1,46.5,2.4,6,40.6,1,1.3,73.8,0.8,3.3,4.2,2.1,1.4,0.7,0.3,2.3,23.3,0,0,2.3,No
102,Eric Paschall,GSW,23,47,11,36,26.9,13.5,5.1,10.6,48.4,0.6,2.1,28.9,2.6,3.4,76.9,1.4,3.3,4.7,1.7,1.5,0.6,0.2,2.1,22.7,4,0,-6,No
103,Terrence Ross,ORL,29,50,21,29,26.4,13.2,4.5,11.6,38.6,2.2,6.9,32.3,2.1,2.5,83.7,0.2,2.9,3.1,1.1,0.9,1.1,0.3,1.5,21.8,0,0,-2.1,No
104,Mike Conley,UTA,32,30,17,13,27.6,13.2,4.5,11.7,38.5,1.8,4.9,36.1,2.4,3.1,77.4,0.6,2.6,3.2,4.1,1.9,0.7,0.1,2.2,23.7,0,0,0.9,No
105,Tyler Herro,MIA,20,46,31,15,27.7,13.1,4.8,11.5,41.4,2.2,5.5,39.3,1.4,1.7,83.5,0.3,3.7,4,2,1.6,0.6,0.2,1.3,21.7,0,0,-0.1,No
106,Richaun Holmes,SAC,26,37,14,23,29.4,13.1,5.5,8.4,66,0,0,0,2.1,2.5,81.7,3.1,5.4,8.5,1,1.2,1.1,1.4,3.9,30.9,13,0,0.2,No
107,Kyle Kuzma,LAL,24,41,32,9,24.9,12.9,4.8,11,43.3,1.5,4.6,33,1.9,2.5,74,0.9,3.5,4.4,1.1,1.5,0.3,0.4,1.8,20.4,2,0,2.7,No
108,Glenn Robinson III,GSW,26,48,10,38,31.6,12.9,5.1,10.6,48.1,1.4,3.5,40,1.3,1.5,85.1,1.4,3.3,4.7,1.8,1,0.9,0.3,1.7,23.8,1,0,-6.1,No
109,Thomas Bryant,WAS,22,29,10,19,25.5,12.9,5.2,8.9,58.8,0.5,1.5,34.1,1.9,2.6,74.7,2,5.4,7.4,2.2,1.4,0.3,0.9,2.3,27.4,7,0,-5.4,No
110,Robert Covington,HOU,29,49,16,33,29.4,12.8,4.5,10.3,43.8,2.3,6.5,35.1,1.5,1.9,79.8,0.8,5.2,6,1.2,1.6,1.7,1,3.1,28.2,3,0,-0.5,No
111,Jordan McRae,WAS,28,29,10,19,22.5,12.8,4.6,10.9,42,1.4,3.7,37.7,2.2,2.9,77.1,0.6,3,3.6,2.8,1.3,0.7,0.5,2.1,23.5,0,0,-1.7,No
112,Jeremy Lamb,IND,27,40,25,15,28.7,12.7,4.8,10.7,45.1,1.1,3.5,32.4,2,2.3,85.7,0.5,3.9,4.4,2.1,1.1,1.2,0.5,2.2,25.2,2,0,0.4,No
113,Miles Bridges,CHA,21,51,16,35,30.5,12.7,4.9,11.1,44,1.5,4.4,34.2,1.4,1.8,79.3,1.4,4.2,5.6,1.7,1.5,0.6,0.8,2.1,24.6,4,0,-7.7,No
114,Ricky Rubio,PHX,29,43,18,25,31.8,12.4,4.4,11.1,39.9,1.1,3.3,33.3,2.5,3,81.7,0.7,3.7,4.5,8.7,2.6,1.4,0.2,2.5,33,14,1,1.6,No
115,Marcus Smart,BOS,25,39,26,13,31.5,12.4,4.2,11,37.9,2.3,6.5,35.2,1.8,2.1,83.1,0.7,2.9,3.6,4.8,1.5,1.5,0.5,2.5,28.5,0,0,4.1,No
116,Taurean Prince,BKN,25,50,23,27,29.7,12.4,4.5,11.6,38.7,2.4,6.8,35.2,1,1.3,79.4,0.8,5.6,6.4,2,2,0.9,0.4,2.4,25.1,8,0,1.5,No
117,Al Horford,PHI,33,47,27,20,30.9,12.4,5,11.4,44.4,1.5,4.5,32.7,0.8,1.1,72.2,1.6,5.1,6.7,3.9,1.1,0.9,0.9,2.1,30.4,4,0,1.7,No
118,Darius Garland,CLE,20,51,13,38,30.5,12.4,4.7,11.8,39.5,1.9,5.2,36,1.1,1.3,86.6,0.5,1.5,2,3.7,2.7,0.7,0,1.5,19.9,1,0,-5.7,No
119,De'Andre Hunter,ATL,22,49,14,35,31.1,12.3,4.5,10.9,41.3,1.6,4.7,33.8,1.7,2.2,77.1,0.5,3.3,3.8,1.8,1.7,0.7,0.3,2.8,20.7,1,0,-4.3,No
120,Isaiah Thomas,WAS,30,40,14,26,23.1,12.2,4.4,10.7,40.8,2,4.7,41.3,1.6,1.9,81.6,0.3,1.4,1.7,3.7,1.9,0.3,0.2,1.9,19.2,1,0,-5,No
121,Duncan Robinson,MIA,25,50,34,16,28.5,12.2,4,8.8,45.6,3.4,7.7,43.5,0.8,0.9,88.6,0.2,3.1,3.2,1.2,0.7,0.5,0.2,2.9,19.4,1,0,3.7,No
121,Nemanja Bjelica,SAC,31,50,19,31,28.2,12.2,4.6,9.6,48.2,2,4.6,43.4,1,1.1,85.7,1.7,4.7,6.3,2.7,1.5,0.9,0.6,3,26.8,6,0,-1.4,No
123,Brandon Clarke,MEM,23,44,25,19,21.8,12.1,5.1,8.2,62.1,0.4,1.1,39.6,1.5,1.9,82.9,1.4,4.4,5.8,1.5,0.9,0.5,0.9,1.7,24.4,2,0,0.1,No
124,P.J. Washington,CHA,21,44,15,29,30,12.1,4.6,9.6,47.6,1.3,3.4,39.9,1.6,2.5,65.7,0.8,4.5,5.4,2.1,1.6,0.9,0.8,2.8,25.2,4,0,-3.6,No
125,Jonathan Isaac,ORL,22,32,13,19,29.7,12,4.7,10.1,46.3,0.9,2.8,33,1.8,2.3,76.7,1.8,5.2,6.9,1.4,1.5,1.6,2.4,2.5,32.9,5,0,0.3,No
126,Kevin Huerter,ATL,21,41,13,28,29.5,11.9,4.3,10.3,42.3,2.3,5.7,39.9,1,1.2,79.6,0.6,3.6,4.2,3.2,1.6,0.9,0.5,2.4,24.1,1,0,-4.4,No
126,Myles Turner,IND,23,41,24,17,29,11.9,4.2,9.3,45.3,1.4,4.2,34.5,2,2.7,74.8,1.2,4.8,6,1.1,1.3,0.7,1.9,2.6,27.6,5,0,-0.2,No
128,Tristan Thompson,CLE,28,48,13,35,31,11.9,5,9.8,50.8,0.1,0.2,33.3,1.8,2.9,63.8,4.1,6.3,10.4,2.1,2,0.6,0.9,2.3,30.2,22,0,-7.7,No
129,Jeff Teague,ATL,31,44,16,28,26.6,11.9,3.9,8.9,43.3,0.8,2.3,36.4,3.3,3.8,87,0.5,2,2.5,5.8,2.2,0.8,0.3,2,24.8,3,0,-3,No
130,Paul Millsap,DEN,34,32,21,11,24.9,11.9,4.1,8.8,46.8,1,2.3,41.3,2.7,3,88.5,2,3.8,5.8,1.4,1.3,0.9,0.7,2.8,24.3,3,0,6.4,No
131,Lonzo Ball,NOP,22,44,17,27,31.7,11.8,4.4,11.2,39.3,2.4,6.5,36.4,0.7,1.2,55.8,1.2,4.9,6.1,6.7,2.9,1.3,0.5,1.9,31.6,11,3,-0.9,No
132,Damion Lee,GSW,27,36,9,27,28,11.8,4.1,9.9,40.9,1.4,3.9,34.5,2.3,2.6,87.4,0.8,4.2,5,2.5,1.3,0.9,0.1,2.3,23.1,3,0,-2.1,No
133,Patty Mills,SAS,31,51,22,29,23.2,11.8,4,9.3,42.9,2.4,6.2,39,1.3,1.6,81.9,0.3,1.3,1.6,2,0.9,0.8,0.1,1.4,18.7,0,0,2.6,No
134,Wendell Carter Jr.,CHI,20,37,13,24,30,11.7,4.5,8.4,53.7,0.2,0.8,21.4,2.6,3.5,73.6,3.5,6.4,9.9,1.2,1.7,0.8,0.9,3.8,28.8,17,0,0.7,No
135,Markelle Fultz,ORL,21,51,22,29,27.9,11.6,4.8,10.3,46.6,0.4,1.7,25.6,1.6,2.2,74.1,0.5,3,3.5,4.9,2.1,1.3,0.2,2,25.3,2,1,-0.7,No
136,Aron Baynes,PHX,33,33,15,18,22.9,11.5,4.4,9,49,1.3,3.8,33.3,1.3,1.8,72.1,1.6,4.1,5.8,1.9,1.2,0.2,0.6,3.5,22.4,2,0,-1.2,No
136,Moritz Wagner,WAS,22,22,7,15,20.1,11.5,4.4,7.5,58.8,1,2.5,39.3,1.6,2,83.7,1.5,4.3,5.9,1.3,2,0.7,0.6,3.8,22.2,2,0,-1.2,No
138,Jerami Grant,DEN,25,51,35,16,26,11.3,4,8.6,46.5,1.4,3.4,40,1.9,2.7,72.3,0.9,2.7,3.6,1.1,0.8,0.6,0.9,2.1,21.1,0,0,-1.3,No
139,Justise Winslow,MIA,23,11,7,4,32,11.3,4.5,11.7,38.8,0.5,2.5,22.2,1.6,2.5,66.7,1.5,5.2,6.6,4,2.2,0.6,0.5,3.5,26.3,1,0,4.7,No
140,Otto Porter Jr.,CHI,26,9,3,6,25.1,11.2,3.9,9.3,41.7,1.8,4.4,40,1.7,2.2,75,0.9,2.6,3.4,1.6,0.8,1,0.3,2.2,20.9,0,0,0.8,No
141,Jarrett Allen,BKN,21,50,23,27,27,11.2,4.4,6.8,64.4,0,0.1,0,2.4,3.9,62.9,3.1,6.6,9.7,1.4,1.2,0.6,1.5,2.4,30.2,22,0,1.3,No
142,Cody Zeller,CHA,27,48,14,34,23.1,11.2,4.4,8.5,52.1,0.4,1.4,25.4,2,2.9,68.6,2.8,4.3,7,1.5,1.3,0.7,0.4,2.6,23.9,9,0,-4.3,No
143,Coby White,CHI,19,53,19,34,24.1,11.2,4.1,10.9,37.4,1.8,5.3,34.4,1.2,1.6,73.6,0.4,3,3.4,2.3,1.5,0.7,0.1,1.6,19.6,0,0,-3.3,No
144,Cedi Osman,CLE,24,52,13,39,28.9,11,4.1,9.2,45.1,1.9,4.8,39.4,0.8,1.3,64.7,0.5,2.9,3.4,2.4,1.4,0.8,0.3,2.4,20.5,1,0,-5.4,No
144,Frank Kaminsky,PHX,26,32,12,20,22.4,11,4,8.7,45.5,1.2,3.5,34.8,1.8,2.8,67,0.9,4,4.9,2.2,1,0.4,0.3,2.2,21.4,1,0,-1,No
144,Markieff Morris,DET,30,42,14,28,22.5,11,4,8.8,45,1.7,4.2,39.3,1.4,1.8,77.3,0.5,3.4,3.9,1.5,1.6,0.6,0.2,2.4,19,1,0,-2.5,No
147,Bryn Forbes,SAS,26,51,22,29,25.3,11,3.8,9.5,40.2,2.3,6.1,36.9,1.1,1.3,82.4,0.2,1.8,2,1.8,0.9,0.5,0,1.9,16.8,0,0,-3.2,No
148,Rodney Hood,POR,27,21,8,13,29.5,11,4.1,8.2,50.6,1.7,3.4,49.3,1,1.3,77.8,0.5,3,3.4,1.5,0.9,0.8,0.2,2.2,19.4,0,0,0.2,No
149,Ish Smith,WAS,31,49,17,32,26.2,10.9,4.6,10,45.9,0.9,2.6,35.2,0.9,1.3,67.2,0.4,2.6,3,4.6,1.3,0.8,0.4,1.5,23.8,0,0,-1.9,No
150,Seth Curry,DAL,29,47,28,19,22.9,10.8,3.8,8.2,46.8,2,4.7,41.4,1.2,1.4,87.7,0.4,1.7,2.1,1.8,0.9,0.5,0.1,1.6,17.2,0,0,1.7,No
151,Steven Adams,OKC,26,45,28,17,26.7,10.7,4.4,7.4,59.7,0,0,0,1.8,3.2,58,3.3,5.9,9.2,2.6,1.4,0.7,1.1,1.9,29.6,16,0,2.7,No
152,D.J. Augustin,ORL,32,39,19,20,26,10.7,3.3,8.4,39.3,1.2,3.5,34.6,2.9,3.3,87.7,0.4,2.1,2.4,4.7,1.4,0.7,0,1.1,21.5,0,0,1.3,No
153,Danuel House Jr.,HOU,26,45,29,16,30.7,10.6,3.7,8.6,42.9,2.1,5.6,38,1.2,1.6,77.1,1,3.3,4.4,1.3,0.9,1.1,0.6,2.2,21.9,2,0,2.9,No
154,Josh Hart,NOP,24,45,17,28,28.2,10.6,3.6,8.7,41.9,2.1,5.9,35.2,1.2,1.6,75.7,1,5.4,6.4,1.6,1.2,1.1,0.4,2.7,24,7,0,-0.4,No
155,Doug McDermott,IND,28,51,31,20,21,10.6,4,8.1,48.7,2,4.3,45.2,0.7,0.8,81.4,0.4,2.2,2.6,1.1,0.6,0.1,0.1,1.7,15.5,0,0,2.5,No
156,Jake Layman,MIN,25,14,8,6,26.4,10.5,4.4,9.4,46.2,1.4,3.9,35.2,0.4,0.7,60,0.9,2.1,2.9,0.8,1.3,0.9,0.7,2.2,18.6,0,0,1.1,No
157,Christian Wood,DET,24,49,19,30,18,10.5,3.7,6.4,57,0.7,1.7,37.6,2.5,3.4,73.8,1.3,4,5.3,0.7,1.1,0.5,0.8,1.3,20.7,5,0,1.6,No
158,Troy Brown Jr.,WAS,20,46,16,30,26.2,10.5,4.1,8.8,46.2,0.8,2.4,33.3,1.5,2,75.8,1.1,4.7,5.8,2.2,1,1.2,0.1,1.9,23.7,4,0,-2.6,No
159,Ben McLemore,HOU,26,51,33,18,23.6,10.3,3.5,8,43.4,2.5,6.7,38.2,0.8,1.1,75,0.3,1.9,2.2,0.9,0.8,0.6,0.2,2.1,16.1,1,0,4.3,No
160,Garrett Temple,BKN,33,45,22,23,28.4,10.3,3.6,9.6,37.7,2,6.3,32.4,1,1.3,75,0.6,2.8,3.4,2.4,1.2,0.8,0.4,1.8,20.6,0,0,-1.2,No
161,Langston Galloway,DET,28,53,19,34,25.8,10.3,3.5,8.1,43.8,2,5,40.5,1.2,1.4,84.9,0.5,1.7,2.2,1.5,0.6,0.8,0.2,1.4,17.4,0,0,-1,No
162,Joe Ingles,UTA,32,50,32,18,30,10.3,3.6,8.1,44.2,2.1,5.1,40.6,1,1.3,77.3,0.4,3.7,4,5.1,1.8,0.9,0.1,2.1,23.9,2,0,4.6,No
163,Landry Shamet,LAC,22,34,23,11,28.6,10.3,3.4,7.9,42.9,2.4,6,39.9,1.1,1.2,90.5,0.1,2,2.1,1.9,0.8,0.4,0.2,3.1,16.6,0,0,2.2,No
164,Gary Harris,DEN,25,43,30,13,32.1,10.2,3.8,9.6,39.9,1.2,4,29.9,1.4,1.7,81.9,0.5,2.4,2.9,2.2,1.1,1.3,0.3,2.2,20.7,0,0,3,No
165,Aaron Holiday,IND,23,47,30,17,23.3,10.2,3.8,9,42.1,1.6,3.7,42,1,1.1,87,0.4,1.9,2.3,3.5,1.3,0.7,0.2,1.8,19.8,2,0,2.3,No
166,Brook Lopez,MIL,31,49,42,7,26.6,10.1,3.8,9,41.9,1.3,4.7,27.8,1.3,1.5,86.3,0.6,3.9,4.5,1.6,0.9,0.7,2.6,2.3,27,3,0,8.1,No
167,Tomas Satoransky,CHI,28,53,19,34,28.5,10.1,3.7,8.3,44.3,1.1,3.1,33.9,1.7,1.9,88,1,2.7,3.7,5.3,2,1.3,0.1,2,24.8,2,0,-0.2,No
168,OG Anunoby,TOR,22,50,36,14,29,10.1,4,8.3,48.9,1.2,3.4,36.3,0.7,1.1,64.9,1.1,4.3,5.4,1.6,1.2,1.1,0.7,2.4,22.8,4,0,3.5,No
169,Jae Crowder,MEM,29,45,20,25,29.4,9.9,3.3,8.9,36.8,1.7,5.9,29.3,1.7,2.1,78.9,0.9,5.3,6.2,2.8,1.2,1,0.3,1.9,24.4,5,0,-2.8,No
170,Derrick White,SAS,25,49,22,27,23.8,9.9,3.4,7.4,46,0.9,2.5,36.3,2.1,2.6,83.2,0.5,2.6,3.1,3.3,1.2,0.6,0.8,2.1,21.6,0,0,0.9,No
171,E'Twaun Moore,NOP,30,39,19,20,20,9.8,3.9,9.2,42.9,1.4,3.7,37.8,0.6,0.9,64.9,0.6,1.9,2.6,1.6,0.8,0.5,0.2,1.6,16.7,0,0,-0.1,No
172,Dejounte Murray,SAS,23,47,20,27,24.3,9.8,4.1,8.5,47.6,0.5,1.4,35.3,1.2,1.6,76.7,1.1,4.5,5.7,3.8,2,1.6,0.3,2.1,26,4,0,-3.6,No
173,George Hill,MIL,33,44,38,6,21.1,9.7,3.5,6.4,54.1,1.5,3,51.1,1.3,1.5,82.1,0.9,2.1,3,3,1,0.7,0.1,1.4,19.4,0,0,5,No
174,Rudy Gay,SAS,33,48,20,28,21.2,9.7,3.5,8,43.9,1,3,31.5,1.7,1.9,86,0.9,4.5,5.3,1.8,1.4,0.4,0.5,1.5,20.1,4,0,0.7,No
175,Thaddeus Young,CHI,31,52,19,33,23.6,9.7,3.9,8.9,44.4,1.1,3.3,34.1,0.7,1.1,58.6,1.4,3.3,4.6,1.8,1.5,1.2,0.3,1.9,20.8,0,0,-2.4,No
176,Shabazz Napier,DEN,28,36,9,27,23.8,9.6,3.2,7.9,40.3,1.3,4.4,29.6,2,2.4,81.8,0.5,2.6,3.1,5.2,2.1,1.1,0.2,1.7,22.9,2,1,-1.9,No
177,Dario Saric,PHX,25,48,20,28,24.8,9.6,3.6,8.1,44.2,1.2,3.9,31.4,1.2,1.4,85.3,1.5,4.5,6,1.9,1.2,0.6,0.3,2.2,21,8,0,-0.9,No
178,Kentavious Caldwell-Pope,LAL,26,50,38,12,25.6,9.6,3.4,7.3,47.1,1.4,3.5,41.6,1.3,1.6,81,0.6,1.5,2.2,1.8,0.9,0.7,0.2,1.8,16.8,0,0,3,No
179,Reggie Bullock,NYK,28,18,7,11,25.3,9.6,3.8,9.2,41.2,1.4,4.5,30.9,0.6,0.7,84.6,0.6,1.7,2.3,1.4,0.6,1.1,0,2.3,17.2,0,0,-2.8,No
180,Victor Oladipo,IND,27,4,1,3,22.9,9.5,3.3,13.3,24.5,1.3,6.8,18.5,1.8,2,87.5,0.3,1.3,1.5,2.3,1.3,0.5,0.3,0.5,15.7,0,0,-7.3,No
181,Derrick Favors,NOP,28,33,15,18,24,9.5,4.3,6.9,62.1,0,0.2,20,0.9,1.5,59.2,3.2,6.8,10,1.8,1.3,0.6,1.1,2.2,27.8,13,0,1.6,No
182,Dwight Powell,DAL,28,40,25,15,26.5,9.4,3.7,5.7,63.8,0.3,1,25.6,1.9,2.8,66.7,1.9,3.8,5.7,1.5,0.9,0.9,0.6,2.6,21.7,1,0,4.9,No
182,Kevin Porter Jr.,CLE,19,40,11,29,22.3,9.4,3.6,7.9,44.8,1,3,33.6,1.3,1.8,71.2,0.4,2.8,3.1,1.9,2,0.9,0.2,2.7,17.3,0,0,-5.9,No
184,Enes Kanter,BOS,27,38,24,14,18.7,9.4,4.1,6.8,60.1,0,0.1,20,1.2,1.8,66.7,3,5.2,8.2,1.1,1.1,0.4,0.9,1.8,23.7,7,0,4.2,No
185,Dorian Finney-Smith,DAL,26,51,31,20,29.6,9.4,3.3,7.2,46,1.6,4.2,38.7,1.2,1.6,72.3,2.1,3.5,5.7,1.5,0.9,0.7,0.5,2.2,21.1,3,0,3.6,No
186,Bobby Portis,NYK,24,52,16,36,20.9,9.4,3.7,8.6,43,1,2.9,34.7,1,1.3,73.9,1.4,3.9,5.3,1.5,1,0.5,0.2,1.7,19.1,5,0,-3.3,No
187,Elfrid Payton,NYK,25,33,12,21,27,9.4,4.2,9.7,43,0.4,1.6,24.1,0.6,1.2,48.8,1.2,3.4,4.6,6.8,1.9,1.6,0.4,2,29.1,4,1,-2.2,No
188,Larry Nance Jr.,CLE,27,43,10,33,25,9.3,3.8,7.2,52.8,1,2.8,35.5,0.8,1.2,64.7,1.7,5.5,7.3,2,1,0.8,0.4,1.6,23.9,8,0,-3.7,No
189,Dion Waiters,MIA,28,3,1,2,14,9.3,3.3,8.7,38.5,2.7,5.7,47.1,0,0.3,0,0,3.7,3.7,1,1,0,0.7,1.7,16.2,0,0,4,No
190,Malik Monk,CHA,22,49,15,34,20.3,9.3,3.5,8.2,42.8,0.9,3.4,26.6,1.3,1.6,81,0.5,2.3,2.8,2,1.3,0.4,0.3,1.4,16.5,1,0,-3.8,No
191,Maxi Kleber,DAL,28,50,30,20,25,9.2,3.2,6.9,46.1,1.7,4.3,38.4,1.1,1.3,89.1,1.6,3.7,5.4,1,0.7,0.3,1.1,2.2,20.5,1,0,2.9,No
192,Jarrett Culver,MIN,20,49,15,34,24.6,9.1,3.6,9.4,38.6,1,3.7,27.2,0.9,1.9,45.3,1.1,2.3,3.4,1.9,1.3,1,0.7,2,19.8,0,0,-1.2,No
193,Cam Reddish,ATL,20,46,12,34,26,9.1,3.2,9,34.9,1.3,4.1,30.9,1.5,2,78.9,0.7,3.1,3.8,1.5,1.6,1,0.5,2.2,18.8,0,0,-5.3,No
194,Donte DiVincenzo,MIL,23,46,42,4,22.7,9.1,3.5,7.6,45.6,1.2,3.6,34.1,0.9,1.2,76.8,1,3.7,4.7,2.3,1.2,1.5,0.3,1.7,22.3,0,0,8.3,No
195,Mitchell Robinson,NYK,21,48,15,33,22.5,9.1,3.9,5.3,72.3,0,0,0,1.4,2.3,60.2,2.7,3.9,6.6,0.6,0.6,0.9,1.8,3.3,25.2,3,0,-3,No
196,Zach Collins,POR,22,3,2,1,28.8,9,3,6.3,47.4,1,2.3,42.9,2,2,100,1.3,2.7,4,2,2,0,0.7,3.7,16.8,0,0,6.3,No
197,Anfernee Simons,POR,20,52,24,28,22.5,9,3.4,8.3,40.9,1.1,3.4,32.2,1.1,1.4,80.3,0.4,2,2.4,1.5,1,0.3,0.2,2,14.6,1,0,-4.2,No
198,Svi Mykhailiuk,DET,22,46,16,30,22.2,8.9,2.9,6.8,43.3,2,4.8,42.5,1,1.2,85.2,0.3,1.4,1.7,1.7,1,0.6,0.1,1.5,14.5,0,0,0.5,No
199,Bruce Brown,DET,23,50,18,32,27.5,8.9,3.4,7.5,45.1,0.6,1.7,34.5,1.6,2.2,71.6,1,3.3,4.3,4,1.7,1.1,0.5,2.7,23.3,2,0,-2,No
200,Derrick Jones Jr.,MIA,22,36,24,12,24.7,8.9,3.2,6.5,49.4,0.7,2.6,28.3,1.7,2.2,79.5,1,3.3,4.3,1,0.6,1,0.7,2.2,20.2,0,0,-0.8,No
201,J.J. Barea,DAL,35,16,8,8,15.4,8.9,3.4,7.6,45.5,1.4,3,45.8,0.6,0.6,100,0.5,1.4,1.9,3.6,1.3,0.2,0.1,0.7,16,0,0,1.9,No
202,Furkan Korkmaz,PHI,22,51,30,21,20.9,8.8,3.2,7.6,41.6,1.8,4.8,37.7,0.7,0.9,72.9,0.2,1.9,2.2,0.9,0.7,0.5,0.2,1.5,14.3,0,0,1.5,No
203,Danny Green,LAL,32,49,37,12,25,8.8,3.1,7.4,42.3,1.9,5.1,37.8,0.6,0.9,71.4,0.8,2.8,3.6,1.4,0.9,1.3,0.5,2.2,19.6,0,0,5.2,No
204,Alex Len,ATL,26,40,9,31,18.6,8.7,3.6,6.5,54.6,0.4,1.4,25,1.3,2,63,1.7,4,5.8,1.1,1,0.5,0.8,2.3,20.2,7,0,-3.3,No
205,Austin Rivers,HOU,27,47,32,15,23.7,8.6,3.1,7.4,42.3,1.4,4,34,1,1.5,66.7,0.4,2.1,2.5,1.6,0.6,0.7,0.2,1.9,16,0,0,2.3,No
206,Josh Okogie,MIN,21,48,15,33,24.4,8.5,2.7,6.6,40.8,0.6,2.6,24.4,2.5,3.2,78.3,1.4,3,4.4,1.6,1.5,1.1,0.4,2.2,19.3,0,0,-2.2,No
207,Patrick Beverley,LAC,31,40,30,10,28,8.5,3.1,7.3,43,1.6,4.4,36.4,0.6,1,63.2,1.3,4.5,5.8,4,1.4,1.2,0.6,3.2,25.5,4,0,5.1,No
208,Justin Holiday,IND,30,51,31,20,25.4,8.4,2.9,6.7,43.7,1.9,4.4,42.7,0.7,0.9,76.6,0.5,2.9,3.4,1.5,0.5,1.1,0.6,1.8,19.3,0,0,1.6,No
209,Draymond Green,GSW,29,39,10,29,29,8.4,3,7.7,39.1,0.9,3.1,28.3,1.5,2.1,75,0.6,5.7,6.3,6.1,2.2,1.4,0.8,2.6,29.7,8,2,-5.1,No
210,Nerlens Noel,OKC,25,42,26,16,19.1,8.3,3.3,4.9,68.3,0,0.1,33.3,1.6,2,80.5,1.7,3.6,5.3,1.2,1,1.1,1.5,2.5,23.2,3,0,0.2,No
211,Monte Morris,DEN,24,52,36,16,20.9,8.2,3.3,7.4,45.1,0.8,2.1,39.1,0.8,0.9,81.3,0.3,1.5,1.8,3.6,0.7,0.7,0.2,0.9,17.8,0,0,0.9,No
212,Jalen Brunson,DAL,23,51,31,20,17.7,8.2,3.2,6.9,46.6,0.7,2.1,34.9,1.1,1.3,80.9,0.4,2,2.4,3.3,1.1,0.4,0.1,1.3,16.4,2,0,3.3,No
213,Jaxson Hayes,NOP,19,49,21,28,18.4,8.1,3,4.5,66.2,0,0.1,25,2.1,3.3,62.2,1.6,2.8,4.4,1,0.8,0.4,1,2.6,18.5,3,0,-0.6,No
214,Ivica Zubac,LAC,22,51,36,15,17.9,8.1,3.2,5.5,58.7,0,0,0,1.6,2.2,73.5,2.6,4.5,7.1,1,0.8,0.2,1,2.3,20.8,6,0,2.5,No
215,Daniel Theis,BOS,27,45,30,15,22.6,8.1,3.3,6,55,0.4,1.3,31.7,1,1.5,70.1,2,4.1,6.1,1.6,0.8,0.7,1.4,3.3,23.1,3,0,3.5,No
216,Jahlil Okafor,NOP,24,26,8,18,15.8,8.1,3.3,5.4,61.4,0,0.1,50,1.4,2.2,64.9,1.7,2.7,4.3,1.3,1.4,0.2,0.7,2.4,16.7,2,0,-3.9,No
217,Avery Bradley,LAL,29,36,25,11,23,8,3.4,7.5,44.8,0.9,2.9,33,0.4,0.4,81.3,0.4,1.9,2.3,1.1,1,0.8,0.1,2.3,14.1,0,0,2.5,No
218,Michael Porter Jr.,DEN,21,39,29,10,14.2,8,3.1,6.1,50.8,1,2.3,43.2,0.8,1,79.5,1.1,3.3,4.4,0.7,0.8,0.4,0.5,1.7,16.3,5,0,1,No
219,Tony Snell,DET,28,46,17,29,26.9,8,2.8,6.4,44.4,1.8,4.4,41.1,0.5,0.5,100,0.1,1.7,1.8,1.7,0.5,0.5,0.2,1.6,14.3,0,0,-2.9,No
220,De'Anthony Melton,MEM,21,38,19,19,18,7.9,2.9,6.3,45.6,0.5,1.7,30.8,1.6,1.9,83.8,0.7,3.1,3.7,3,1.5,1.3,0.3,1.8,20.3,0,0,3.5,No
221,Marquese Chriss,GSW,22,47,12,35,18.6,7.9,3,5.8,51.8,0.1,0.6,23.3,1.8,2.4,75.7,1.9,3.6,5.4,1.7,1.3,0.6,1,1.9,20.6,3,0,-3.8,No
222,Malik Beasley,MIN,23,41,26,15,18.2,7.9,2.9,7.3,38.9,1.4,3.9,36,0.8,0.9,86.8,0.2,1.7,1.9,1.2,0.9,0.8,0.1,1.2,13.8,0,0,0.7,No
223,Ian Mahinmi,WAS,33,29,11,18,22,7.9,2.9,5.7,50.6,0.2,0.8,22.7,1.9,3,63.6,2.2,3.9,6.1,1.4,1.4,0.8,1.3,3.1,22.3,1,0,-2.4,No
224,DeAndre Jordan,BKN,31,42,20,22,20.9,7.9,3.2,4.8,67.7,0,0,0,1.4,2,69.4,2.3,7.3,9.6,2,1.4,0.4,1,2,25,7,0,-1.8,No
225,Chandler Hutchison,CHI,23,26,8,18,18,7.8,2.8,5.9,48.1,0.4,1.3,30.3,1.8,2.8,62.2,0.6,3.1,3.7,0.8,1,1,0.2,1.6,16.2,0,0,-4.7,No
226,Kent Bazemore,SAC,30,50,22,28,24.8,7.8,2.6,7.4,34.8,1.2,3.7,32.6,1.5,1.9,79.6,0.4,3.6,4,1.3,1.4,1,0.7,2.8,18.3,0,0,-0.8,No
227,Cameron Johnson,PHX,23,38,16,22,19.8,7.8,2.7,6.4,42,1.7,4.4,39.8,0.7,0.9,75,0.9,2.1,3.1,0.9,0.6,0.4,0.3,1.5,14.6,0,0,-2.1,No
228,Kelly Olynyk,MIA,28,44,31,13,19.8,7.8,2.6,5.6,45.9,1.3,3.2,40.1,1.3,1.5,86.8,0.7,3.9,4.6,1.3,1,0.6,0.3,2.5,16.9,2,0,0.4,No
229,Marc Gasol,TOR,35,35,27,8,27.8,7.8,2.8,6.6,42.4,1.4,3.5,40.3,0.7,1,72.2,0.8,5.6,6.5,3.5,1.2,0.8,0.9,2.9,24.7,3,0,6.9,No
230,Jeff Green,UTA,33,30,18,12,18.4,7.8,2.5,6.5,38.5,1.1,3.5,32.7,1.6,2.1,77.8,0.5,2.2,2.7,0.7,0.9,0.4,0.3,1.5,13.3,0,0,-3.6,No
231,Terence Davis,TOR,22,51,37,14,17,7.8,2.8,5.9,48.3,1.4,3.3,41.8,0.7,0.7,92.1,0.7,2.7,3.4,1.8,1,0.5,0.2,1.6,15.7,1,0,4.9,No
232,Mikal Bridges,PHX,23,51,20,31,25.2,7.6,2.8,5.7,50,0.6,2,31.1,1.3,1.6,81,0.9,3.1,3.9,1.6,1,1.4,0.5,2.2,19.7,0,0,0.9,No
233,Omari Spellman,GSW,22,49,11,38,18.1,7.6,2.6,6,43.1,0.9,2.2,39.1,1.5,1.9,79.3,1.6,2.9,4.5,1,1.1,0.7,0.5,1.3,16.7,1,0,-2.9,No
234,P.J. Tucker,HOU,34,51,33,18,35.2,7.5,2.7,6.1,44,1.5,4.1,36.7,0.7,0.8,83.3,1.6,5.6,7.2,1.6,1.1,1.2,0.4,3.4,22.2,6,0,2.7,No
235,Dwight Howard,LAL,34,50,38,12,19.6,7.5,3.1,4.2,73.3,0.1,0.1,60,1.3,2.7,46.7,2.5,5.1,7.6,0.7,1.2,0.4,1.4,3.2,21.9,6,0,2.9,No
236,Bismack Biyombo,CHA,27,43,13,30,19.1,7.5,2.9,5.4,53.7,0,0,0,1.7,2.7,61.9,2.3,3.5,5.9,0.8,0.9,0.2,0.8,2.2,18,6,0,-2.7,No
237,Rondae Hollis-Jefferson,TOR,25,39,27,12,19.5,7.4,2.7,5.9,46.5,0.1,0.4,14.3,1.9,2.6,73.3,2.1,2.8,4.9,1.7,1,0.9,0.4,2.1,18.9,2,0,1.6,No
238,Wesley Matthews,MIL,33,48,41,7,24.4,7.4,2.5,6.1,41.3,1.6,4.2,37.5,0.8,1.1,76.5,0.2,2.2,2.4,1.4,0.7,0.6,0.2,1.5,14.1,0,0,7,No
239,Gorgui Dieng,MIN,30,46,13,33,16.9,7.4,2.7,6,44.8,1,2.6,38.3,1,1.3,79.7,1.6,4,5.6,1.3,1,0.8,0.9,1.9,20.2,6,0,-2.2,No
240,Delon Wright,DAL,27,49,30,19,21.1,7.4,2.8,5.9,47.2,0.7,1.8,38.4,1.1,1.4,78.9,1.1,2.8,3.9,3.2,0.9,1.1,0.3,1.3,20.5,1,0,0.2,No
241,Ersan Ilyasova,MIL,32,47,40,7,16,7.4,2.7,5.5,48.3,0.9,2.4,37.5,1.2,1.4,82.4,1.1,4,5.1,0.9,0.6,0.4,0.3,1.5,16.3,4,0,2.6,No
242,Jordan Poole,GSW,20,45,10,35,21,7.4,2.3,8.3,28.2,1.2,4.5,26.4,1.6,1.9,82.4,0.1,1.8,1.9,1.9,1,0.6,0.2,1.6,14.1,0,0,-3.1,No
242,Rajon Rondo,LAL,33,35,26,9,21,7.4,2.9,7.1,41.2,0.9,2.7,31.9,0.7,0.9,74.2,0.5,2.9,3.4,5.4,2.1,0.8,0.1,1.1,20.2,2,0,1.1,No
244,Willie Cauley-Stein,DAL,26,46,11,35,21.9,7.4,3.3,5.9,55.7,0,0,0,0.8,1.3,61,1.7,4.4,6.1,1.4,0.8,1,1.2,2.5,22.7,2,0,-3.1,No
245,Mason Plumlee,DEN,29,43,30,13,17.4,7.4,3,4.9,60.5,0,0.1,0,1.5,2.7,55.3,1.8,3.7,5.6,2.4,1.5,0.5,0.6,2.2,19.7,2,0,0.1,No
246,Grayson Allen,MEM,24,30,14,16,16.6,7.4,2.6,5.9,44.9,1.1,3,36.3,1,1.2,85.7,0.2,2,2.2,1.4,0.8,0.2,0,1.2,12.1,0,0,-2.4,No
247,JaVale McGee,LAL,32,48,37,11,16.9,7.3,3.2,4.9,64.6,0.1,0.1,50,0.9,1.4,64.2,2,3.9,5.8,0.7,0.8,0.5,1.6,2.3,21.1,2,0,3.4,No
248,Ky Bowman,GSW,22,37,9,28,22.3,7.3,2.9,7.1,40.9,0.8,2.4,34.4,0.6,0.8,82.8,0.5,2.1,2.5,2.8,1.3,1,0.1,2.2,16.6,0,0,-2.3,No
249,Anzejs Pasecniks,WAS,24,19,6,13,19.5,7.3,2.8,5.4,52.9,0,0.1,0,1.6,2.6,62,1.9,3,4.9,0.9,1.2,0.4,0.5,3.1,16.3,0,0,0.2,No
250,Kris Dunn,CHI,25,51,19,32,24.9,7.3,3,6.7,44.4,0.6,2.2,25.9,0.8,1.1,74.1,0.5,3.2,3.6,3.4,1.3,2,0.3,3.1,22.4,0,0,-0.6,No
251,Emmanuel Mudiay,UTA,23,43,29,14,16.2,7.2,2.9,6.1,46.9,0.6,1.6,34.8,0.9,1.3,72.7,0.3,2.1,2.4,2.4,1.4,0.4,0.2,1.3,14,0,0,0.4,No
252,Sekou Doumbouya,DET,19,25,9,16,20,7,2.6,6.3,41.8,0.8,2.5,30.2,1,1.4,69.4,0.6,2.7,3.3,0.4,1,0.6,0.3,2.2,13.2,2,0,-1.8,No
253,Kevin Knox II,NYK,20,51,16,35,18.6,7,2.4,6.5,36.7,1.1,3.3,32.5,1.1,1.7,65.1,0.4,2.6,3,1,0.6,0.4,0.4,1.5,13.7,0,0,-3.6,No
254,Shake Milton,PHI,23,19,11,8,15.4,6.9,2.4,5.3,45,0.9,2.8,34,1.2,1.6,76.7,0.2,2,2.2,1.5,1.2,0.4,0.1,1.9,12.1,0,0,-1.3,No
255,Damyean Dotson,NYK,25,44,14,30,17.6,6.9,2.6,6,42.5,1.2,3.4,36,0.5,0.7,68.8,0.2,1.7,1.8,1.2,0.5,0.5,0.1,0.9,12.1,0,0,-1.6,No
256,T.J. McConnell,IND,27,49,30,19,19.3,6.8,3.1,5.9,52.6,0.1,0.2,33.3,0.6,0.7,81.8,0.5,2.2,2.7,5.4,1.3,0.7,0.2,1,19.3,2,0,0.8,No
257,Keita Bates-Diop,DEN,24,37,8,29,17.5,6.8,2.4,5.6,42.2,0.8,2.5,33,1.2,1.8,70.8,0.6,2.4,3,0.8,0.4,0.5,0.5,1,14.2,0,0,-4.5,No
258,Josh Jackson,MEM,22,4,3,1,16.5,6.8,2.5,7.3,34.5,0.8,3.3,23.1,1,1.5,66.7,0.8,2.8,3.5,0.8,1,0.8,0.3,1.8,14.1,0,0,2.8,No
259,Tyus Jones,MEM,23,51,26,25,18.9,6.7,2.8,6,46.6,0.6,1.6,38.1,0.5,0.7,76.5,0.1,1.5,1.6,4.5,0.9,0.9,0.1,0.6,17.4,0,0,-1.6,No
260,JaMychal Green,LAC,29,42,30,12,20.9,6.7,2.3,5.7,40.7,1.4,3.9,36.4,0.7,0.9,73.7,1.4,5.1,6.5,0.7,0.9,0.5,0.4,2.6,17.3,6,0,2.3,No
261,Michael Carter-Williams,ORL,28,29,11,18,17.6,6.7,2.4,5.7,42.2,0.4,1.6,26.7,1.5,1.9,76.8,0.9,2,2.9,2.5,1,1.1,0.4,1.7,17.6,0,0,-0.1,No
262,Marvin Williams,CHA,33,41,13,28,19.7,6.7,2.3,5.1,44.8,1.1,2.9,37.6,1,1.2,86,0.4,2.3,2.7,1,0.6,0.6,0.5,1.7,14.3,0,0,-2.7,No
263,Trevor Ariza,POR,34,39,17,22,26.3,6.7,2.3,5.6,41.1,1.4,3.8,35.8,0.7,0.9,80,0.7,4,4.7,1.6,0.9,1.2,0.2,2.2,17.9,0,0,-0.5,No
264,Hamidou Diallo,OKC,21,30,17,13,19.5,6.6,2.8,6.3,44.4,0.2,0.9,17.9,0.9,1.3,66.7,0.8,2.7,3.5,0.6,1,0.8,0.2,2.2,13.8,2,0,0.2,No
265,Naz Reid,MIN,20,16,4,12,10.6,6.6,2.5,6.1,41.2,1.1,3.3,32.7,0.6,0.9,64.3,0.6,1.5,2.1,0.8,0.6,0.3,0.5,2.2,12.2,0,0,1.6,No
266,Brad Wanamaker,BOS,30,49,35,14,18.7,6.5,2.2,5.1,42.6,0.5,1.5,36.1,1.7,1.8,91.1,0.3,1.7,2,2.7,1.1,0.7,0.2,1.8,14.5,0,0,2.3,No
267,Kyle Korver,MIL,38,45,38,7,16.7,6.5,2.1,5,42.4,1.7,4,41.9,0.6,0.7,83.9,0.2,1.8,2,1.2,0.8,0.4,0.2,1.3,11.8,0,0,3.1,No
268,Brandon Goodwin,ATL,24,22,8,14,13.7,6.5,2.4,6,39.1,0.8,2.6,31.6,0.9,0.9,100,0.4,2.2,2.6,1.6,1,0.5,0.1,1.4,12.9,0,0,-4.5,No
268,Wilson Chandler,BKN,32,22,9,13,20.5,6.5,2.4,5.3,45.7,1,3.2,31.4,0.6,0.7,87.5,0.3,4.2,4.5,1.2,1.1,0.6,0.4,2.1,15.4,0,0,-4.6,No
270,Chris Boucher,TOR,27,43,31,12,13,6.4,2.2,4.8,46.6,0.5,1.7,28.4,1.5,2,76.2,1.8,2.6,4.4,0.4,0.4,0.4,0.9,1.7,15.8,3,0,1.9,No
271,CJ Miles,WAS,32,10,4,6,16.1,6.4,1.9,5.9,32.2,1.1,3.5,31.4,1.5,2,75,0.4,0.8,1.2,1.2,0.4,1,0.4,1.4,13.4,0,0,-0.8,No
271,Cory Joseph,SAC,28,50,19,31,24.8,6.4,2.4,6.1,40,0.8,2.2,34.9,0.8,0.9,84.4,0.6,2.1,2.6,3.5,1.1,0.7,0.3,2,16.7,0,0,-1.5,No
273,Gary Trent Jr.,POR,21,39,18,21,16.7,6.4,2.3,5.4,42.4,1.4,3.4,41.8,0.4,0.4,87.5,0.4,1.1,1.4,0.9,0.3,0.5,0.3,1.2,11.5,0,0,-0.2,No
274,Garrison Mathews,WAS,23,15,6,9,13.1,6.2,1.5,3.3,46,1.2,2.8,42.9,1.9,2.1,90.6,0.4,1.1,1.5,0.7,0.5,0.2,0.1,1.7,9.4,0,0,3.1,No
275,Luguentz Dort,OKC,20,16,13,3,20.9,6.2,2.2,5.3,41.7,0.8,2.6,31.7,1,1.4,72.7,0.4,0.9,1.3,0.8,0.8,0.9,0.1,2.8,11,0,0,1.3,No
276,Damian Jones,ATL,24,47,13,34,16.8,6.2,2.4,3.5,69.3,0,0.1,28.6,1.3,1.8,73.8,1.4,2.4,3.8,0.6,0.6,0.4,0.8,2.8,14.8,0,0,-4.4,No
277,Meyers Leonard,MIA,27,49,34,15,20.1,6.1,2.4,4.6,52,1,2.4,42.9,0.3,0.5,65.4,0.6,4.5,5.1,1.1,0.7,0.3,0.3,2.1,14.8,2,0,1.9,No
278,Kelan Martin,MIN,24,21,8,13,17.5,6.1,2.3,6.2,37.7,0.9,3.2,26.5,0.6,0.6,100,0.3,3.1,3.4,0.5,0.6,0.3,0.3,1.9,12.2,0,0,-0.7,No
279,Royce O'Neale,UTA,26,50,32,18,29.2,6,2.2,4.8,45.2,1.2,3,40.9,0.5,0.5,85.2,0.3,4.8,5.1,2.6,0.8,0.7,0.4,2.9,18.7,2,0,4.5,No
280,Allonzo Trier,NYK,24,20,2,18,12.3,6,1.9,4.3,43.5,0.8,2.3,32.6,1.6,2,79.5,0.2,1.1,1.3,1.2,1,0.1,0.2,1.2,9.3,0,0,-3.9,No
280,Eric Mika,SAC,25,1,0,1,19,6,2,3,66.7,0,0,0,2,2,100,2,5,7,0,0,0,0,5,14.4,0,0,8,No
280,PJ Dozier,DEN,23,12,9,3,14.4,6,2.5,6,41.7,0.5,1.9,26.1,0.5,0.8,66.7,0.4,1.8,2.3,1.9,0.8,0.5,0.3,1.8,13,0,0,-1.3,No
283,Nicolo Melli,NOP,29,40,17,23,15.1,6,2.1,4.5,46.1,1.1,2.8,37.2,0.8,1,76.9,0.5,2.1,2.6,1.1,0.7,0.6,0.2,1.9,12.4,0,0,-1.9,No
284,Boban Marjanovic,DAL,31,25,13,12,9.5,5.9,2.4,4.5,54.5,0.1,0.3,25,1,1.4,70.6,1.3,3,4.2,0.4,0.7,0.2,0.2,1.4,12,3,0,2.5,No
285,Justin Jackson,DAL,24,46,29,17,16.4,5.9,2.2,5.7,39.6,0.8,2.8,30.7,0.6,0.7,84.4,0.4,2,2.4,0.7,0.2,0.2,0.1,1.1,10.6,0,0,0.3,No
286,Dwayne Bacon,CHA,24,38,9,29,17.7,5.9,2.2,6.3,35.3,0.5,1.8,28.4,0.9,1.4,66,0.4,2.1,2.5,1.3,0.9,0.6,0.1,1.4,11.9,0,0,-3.8,No
287,Frank Ntilikina,NYK,21,46,14,32,20.8,5.9,2.2,5.7,38.3,0.7,2.3,31.8,0.8,0.9,87.5,0.4,1.8,2.2,2.9,1.3,0.9,0.3,2.5,15.4,0,0,-1.9,No
288,Trey Burke,PHI,27,25,13,12,13.1,5.9,2.4,5.1,46.5,0.6,1.5,42.1,0.5,0.7,72.2,0.6,0.8,1.4,2.1,0.5,0.3,0,0.8,11.2,0,0,1.5,No
289,Jordan McLaughlin,MIN,23,16,3,13,18.4,5.9,2.3,5.5,40.9,0.8,2.6,31.7,0.6,0.9,64.3,0.2,1.4,1.6,3.4,0.8,1,0,0.9,15.2,0,0,-2.2,No
290,Willy Hernangomez,CHA,25,22,2,20,10.1,5.9,2.2,4.1,53.8,0.2,0.8,27.8,1.2,2,59.1,1.2,2.2,3.4,0.6,1,0.2,0.2,1.1,11.3,1,0,-1.8,No
291,Abdel Nader,OKC,26,35,24,11,15.6,5.9,2.1,4.5,46.8,0.8,2.3,36.3,0.9,1.1,81.1,0.3,1.2,1.5,0.7,0.8,0.4,0.3,1.3,9.9,0,0,-1.1,No
292,Georges Niang,UTA,26,44,29,15,13.8,5.8,2.1,4.5,46,1.3,3.1,42.6,0.3,0.4,83.3,0.3,1.6,1.8,0.7,0.4,0.3,0.1,1.2,9.8,0,0,-1.9,No
293,James Ennis III,PHI,29,49,31,18,15.8,5.8,2,4.6,44.2,0.8,2.2,34.9,1,1.2,78.7,1,2.1,3.1,0.8,0.6,0.5,0.3,1.7,12.4,0,0,0.3,No
294,Taj Gibson,NYK,34,49,16,33,16.7,5.8,2.6,4.6,56.4,0.1,0.2,27.3,0.6,0.8,71.1,1.8,2.6,4.3,0.9,0.7,0.5,0.4,2.1,14.4,0,0,-3.8,No
295,DeAndre' Bembry,ATL,25,43,10,33,21.3,5.8,2.4,5.3,45.6,0.3,1.5,23.1,0.6,1.1,54.2,0.8,2.7,3.5,1.9,1.4,1.3,0.4,2,16.6,2,0,-6,No
296,Denzel Valentine,CHI,26,30,10,20,12.2,5.8,2.2,5.5,40.2,1.2,3.4,35.6,0.2,0.2,100,0.1,1.8,1.9,1.1,0.7,0.7,0.2,1.3,11.6,0,0,-0.5,No
297,Skal Labissiere,POR,23,33,14,19,17.2,5.8,2.5,4.5,55.1,0.1,0.4,23.1,0.8,1,75.8,2,3.2,5.1,1.3,0.9,0.2,0.9,2.7,16.4,1,0,0.4,No
298,Tyler Johnson,PHX,27,31,11,20,16.6,5.7,2.1,5.5,38,0.8,2.7,28.9,0.8,1,75,0.3,1.4,1.7,1.6,0.8,0.4,0.3,1.4,11.3,0,0,-3.3,No
299,Mike Scott,PHI,31,52,31,21,17.5,5.7,2.1,5.1,40.1,1.2,3.4,34.3,0.5,0.5,88.9,0.8,2.6,3.4,0.6,0.4,0.3,0.1,1.3,11.5,0,0,1.5,No
300,Lonnie Walker IV,SAS,21,43,20,23,13.1,5.7,2.2,5,44.4,0.6,1.3,41.4,0.7,1,71.1,0.3,1.6,2,0.7,0.5,0.4,0.2,1.2,10.4,0,0,0.7,No
301,Solomon Hill,MEM,28,48,25,23,18.8,5.7,2,4.9,41.2,1.2,3.1,38.1,0.5,0.8,68.4,0.5,2.5,3,2,0.8,0.6,0.1,1.5,13.8,0,0,-1.1,No
302,Marco Belinelli,SAS,33,45,20,25,15,5.7,2,5.2,37.9,1,2.8,35.9,0.7,0.9,78,0.1,1.6,1.7,1.3,0.3,0.2,0,0.8,9.9,0,0,0.7,No
303,James Johnson,MIA,32,18,10,8,15.6,5.7,2.2,4.8,44.8,0.9,2.5,35.6,0.4,0.8,57.1,0.4,2.4,2.9,1.2,0.8,0.3,0.7,1.9,13.2,0,0,1.1,No
304,Frank Jackson,NOP,21,41,18,23,13,5.7,2,5.1,39.9,0.7,2.3,29.8,0.9,1.2,76,0.3,0.9,1.2,0.7,0.9,0.3,0.1,1.3,8.7,0,0,-2.1,No
305,Alex Caruso,LAL,25,47,36,11,18.6,5.6,1.9,4.6,42.1,0.7,1.9,37.1,1.1,1.3,79.4,0.2,1.6,1.8,1.8,0.9,1.1,0.3,1.7,13.6,0,0,3.7,No
306,Maurice Harkless,LAC,26,50,35,15,22.8,5.5,2.2,4.3,51.6,0.5,1.5,37,0.5,0.8,57.1,0.9,3.1,4,1,0.9,1,0.6,2.4,15.6,0,0,1.1,No
306,Mo Bamba,ORL,21,48,21,27,15,5.5,2.2,4.8,46.9,0.6,1.7,33.7,0.5,0.7,68.8,1.5,3.5,5,0.6,0.8,0.4,1.4,1.9,17.1,1,0,0.4,No
308,Robin Lopez,MIL,31,47,40,7,14.2,5.5,2.3,4.4,51.4,0.4,1.5,29,0.5,0.9,53.5,0.9,1.7,2.7,0.7,0.9,0.1,0.7,1.2,11.5,0,0,1.8,No
309,Jakob Poeltl,SAS,24,51,22,29,17.4,5.4,2.4,3.9,61.9,0,0,0,0.6,1.3,50,1.8,3.8,5.6,1.8,0.8,0.5,1.5,1.7,20.1,2,0,1.6,No
310,Dennis Smith Jr.,NYK,22,27,6,21,16,5.4,2,6.1,33.5,0.5,1.8,29.2,0.8,1.7,47.8,0.6,1.6,2.3,3,1.7,0.7,0.3,2,13.8,0,0,-5.4,No
311,Luke Kornet,CHI,24,33,11,22,14.9,5.4,2,4.9,41,0.8,2.9,27.4,0.6,0.8,73.1,0.6,1.7,2.3,0.9,0.4,0.3,0.8,1.3,12.3,0,0,-0.7,No
312,Patrick McCaw,TOR,24,27,20,7,24.6,5.3,2.1,4.6,45.6,0.7,1.9,36.5,0.4,0.5,71.4,0.4,1.6,2.1,2.3,0.9,1.1,0.1,1.6,14.1,1,0,0,No
313,Nickeil Alexander-Walker,NOP,21,40,17,23,12.5,5.3,1.9,5.6,34.2,1,2.9,34.2,0.4,0.7,60.7,0.2,1.8,2,1.9,1,0.3,0.2,1.1,10.8,0,0,-1.5,No
314,Trey Lyles,SAS,24,51,22,29,18,5.3,2,4.7,42.9,0.8,2.4,35.2,0.4,0.6,65.5,1.2,4.5,5.7,1,0.6,0.3,0.3,1.4,15,1,0,-0.7,No
315,Timothe Luwawu-Cabarrot,BKN,24,25,8,17,15.3,5.2,1.7,3.8,44.8,0.9,2,43.1,0.9,1.2,76.7,0.4,1.7,2.1,0.6,0.8,0.4,0,1.8,9.3,0,0,-4,No
316,David Nwaba,BKN,27,20,8,12,13.4,5.2,1.9,3.6,52.1,0.6,1.4,42.9,0.9,1.4,66.7,0.4,1.9,2.3,0.4,0.4,0.6,0.6,1.6,11.6,0,0,1.8,No
316,Vince Carter,ATL,43,45,13,32,15.5,5.2,1.9,5.4,34.4,1,3.6,27.8,0.5,0.6,77.8,0.2,1.9,2.1,0.9,0.6,0.4,0.5,1.6,11.2,0,0,-3,No
318,Chris Clemons,HOU,22,26,17,9,8.9,5.2,1.9,4.5,41.9,1.3,3.5,36.7,0.2,0.2,80,0.1,0.7,0.8,0.7,0.6,0.2,0.2,0.8,7.9,0,0,-1.2,No
319,Quinn Cook,LAL,26,33,26,7,11.6,5.2,2.2,4.8,44.9,0.7,1.8,39.7,0.2,0.3,66.7,0.2,1,1.2,1.1,0.7,0.3,0,0.6,8.5,0,0,2.5,No
320,Dewayne Dedmon,SAC,30,34,13,21,15.9,5.1,2,5,40.4,0.4,2.1,19.7,0.7,0.8,82.1,1.4,3.6,4.9,0.4,1.4,0.4,0.8,2.7,13.9,3,0,-0.9,No
321,Kyle Anderson,MEM,26,45,24,21,17.4,5,2.1,4.3,48.2,0.2,0.9,20.5,0.7,1.2,63.5,0.9,3,3.9,2.2,0.8,0.8,0.5,1.5,15.9,0,0,-1.6,No
322,Harry Giles III,SAC,21,24,10,14,11.3,5,2.2,4.3,52,0,0,0,0.6,0.7,87.5,0.7,2.1,2.8,1.3,0.9,0.5,0.4,2.3,12,0,0,-2.6,No
322,John Henson,CLE,29,29,7,22,14.2,5,2.1,4.1,50.8,0.2,1.1,19.4,0.6,1.1,51.5,1.1,2.8,3.9,1.5,0.7,0.6,1.1,1.9,16.2,1,0,-0.7,No
322,Kadeem Allen,NYK,27,10,3,7,11.7,5,1.9,4.4,43.2,0.5,1.6,31.3,0.7,1.1,63.6,0.2,0.7,0.9,2.1,0.8,0.5,0.2,0.7,10.5,0,0,-2.1,No
325,Wes Iwundu,ORL,25,38,16,22,18.2,5,1.6,4.3,36.6,0.5,1.5,31,1.3,1.6,82.3,0.6,2,2.5,1,0.4,0.6,0.3,1.5,11.7,0,0,-0.1,No
326,Isaiah Hartenstein,HOU,21,21,15,6,12,5,2,3,68.3,0,0.1,0,0.9,1.2,69.2,1.3,2.8,4.1,0.8,0.7,0.4,0.6,1.9,13.2,2,0,2.7,No
327,Brandon Knight,CLE,28,16,3,13,15.1,4.9,1.8,5.4,32.6,1.2,4,29.7,0.3,0.8,30.8,0.2,1.1,1.3,1.9,1,0.3,0.1,1.3,9.7,0,0,-3.1,No
328,Terrance Ferguson,OKC,21,37,21,16,25.6,4.9,1.8,4.5,39.8,1.1,3.5,32,0.2,0.3,81.8,0.5,1.1,1.6,0.9,0.7,0.6,0.3,3.2,10.2,0,0,-1.4,No
329,Pat Connaughton,MIL,27,47,42,5,18,4.9,1.9,4.3,45.3,0.7,2.1,30.7,0.4,0.5,72,0.8,3.5,4.3,1.6,0.8,0.3,0.6,1,14.3,0,0,2.3,No
330,Sterling Brown,MIL,24,35,29,6,14.6,4.9,1.7,4.7,37.2,0.8,2.4,32.1,0.7,0.9,76.7,0.7,3.1,3.8,0.9,0.8,0.5,0.1,1.1,12,1,0,3.1,No
331,Matisse Thybulle,PHI,22,44,28,16,20.2,4.9,1.7,4.2,40,1,2.7,37.8,0.5,0.8,63.9,0.5,1,1.5,1.2,0.9,1.5,0.8,2.3,14.7,0,0,0.1,No
331,Patrick Patterson,LAC,30,44,29,15,13,4.9,1.6,4,39.8,1.1,3,37.1,0.6,0.8,79.4,0.6,2,2.6,0.7,0.3,0.1,0.1,0.9,9.3,0,0,2.3,No
333,Allen Crabbe,MIN,27,33,4,29,18.1,4.9,1.8,4.9,36.2,1,3.2,30.8,0.3,0.4,71.4,0.3,1.9,2.2,0.9,0.5,0.5,0.1,1.3,10.1,0,0,-6.1,No
334,Gary Payton II,WAS,27,21,9,12,19.2,4.8,2,5,40.6,0.5,1.9,28.2,0.2,0.4,50,1.2,2.3,3.5,2.1,0.9,1.5,0.3,2.2,16.9,1,0,-6.8,No
335,Rodions Kurucs,BKN,22,32,10,22,13.2,4.8,1.8,3.6,49.1,0.8,1.7,46.3,0.4,0.7,63.6,0.5,1.9,2.4,0.9,1,0.4,0.1,1.8,9.4,0,0,-0.3,No
336,Jacob Evans,GSW,22,27,7,20,15.3,4.7,1.7,4.9,33.8,0.5,1.4,34.2,0.9,1.1,86.2,0.3,1.2,1.5,1.1,0.9,0.4,0.4,1.5,9.9,0,0,-4.1,No
337,Alen Smailagic,GSW,19,9,1,8,10.3,4.7,1.8,3.2,55.2,0.2,1,22.2,0.9,1.1,80,0.8,1.7,2.4,0.9,0.6,0.1,0.3,1.1,9.7,0,0,0.3,No
337,Daniel Gafford,CHI,21,33,12,21,12.7,4.7,2,3,67,0,0,0,0.6,1.2,52.6,1.2,1.2,2.4,0.4,0.5,0.3,1.3,1.8,12.2,0,0,-1.6,No
337,Naz Mitrou-Long,IND,26,3,2,1,14.2,4.7,2,5.3,37.5,0.7,3.7,18.2,0,0,0,0,2,2,2.3,0.7,0.3,0.3,0.3,11.9,0,0,6,No
337,Torrey Craig,DEN,29,39,29,10,17.1,4.7,1.8,4.1,44.7,0.6,2,28.6,0.5,0.7,62.1,1,2.2,3.2,0.6,0.4,0.4,0.7,2.2,12.1,2,0,-1.7,No
341,Mike Muscala,OKC,28,35,20,15,12.8,4.7,1.5,4,38.6,1.1,3.1,34.6,0.5,0.6,81.8,0.3,2.1,2.4,0.9,0.4,0.2,0.2,1.3,9.8,0,0,0.3,No
342,Isaac Bonga,WAS,20,44,15,29,17.6,4.6,1.7,3.2,54,0.3,0.8,38.9,0.9,1.2,76.5,1.1,2.2,3.3,1.1,0.7,0.7,0.3,2.3,12.4,0,0,-0.4,No
343,Yogi Ferrell,SAC,26,38,14,24,11.4,4.6,1.7,3.9,42.7,0.5,1.5,31,0.8,0.9,87.9,0.1,1,1.2,1.4,0.6,0.3,0.1,0.7,8.8,0,0,-0.4,No
344,Darius Bazley,OKC,19,51,31,20,17.5,4.6,1.7,4.5,37.9,0.6,2,30,0.6,0.9,68.9,0.4,3.4,3.8,0.6,0.8,0.4,0.7,0.9,12.4,0,0,-1.2,No
345,Cheick Diallo,PHX,23,34,12,22,9.7,4.5,1.9,2.9,64,0,0.1,50,0.7,0.9,83.3,0.6,2.1,2.7,0.5,0.6,0.2,0.2,1.1,9.3,1,0,-1.3,No
346,Edmond Sumner,IND,24,19,8,11,13.7,4.5,1.8,4.2,43.8,0.4,1.4,30.8,0.4,0.7,61.5,0.4,1,1.4,1.5,0.7,0.6,0.3,1.4,10.5,0,0,-1.1,No
347,Gabe Vincent,MIA,23,2,1,1,9.3,4.5,1.5,6,25,1.5,5,30,0,0,0,0,0.5,0.5,0.5,0,0.5,0,0.5,7.4,0,0,2.5,No
348,Cody Martin,CHA,24,37,11,26,16,4.5,1.6,3.8,43.3,0.4,1.5,25.9,0.8,1.2,66.7,0.8,2.1,2.8,1.4,0.7,0.7,0.2,1.5,11.9,0,0,-1.3,No
349,Matt Thomas,TOR,25,21,16,5,10.6,4.5,1.6,3.3,47.8,1.1,2.4,46,0.2,0.3,71.4,0.2,1,1.2,0.6,0.4,0.2,0,0.9,7,0,0,0.5,No
349,Treveon Graham,ATL,26,42,16,26,17.8,4.5,1.6,4.5,34.6,0.5,2.2,24.5,0.8,1.1,73.3,0.8,2,2.7,0.7,0.5,0.5,0,1.8,9.8,0,0,-2.9,No
351,Mario Hezonja,POR,24,37,15,22,16.3,4.4,1.5,3.9,38.4,0.4,1.3,27.1,1.1,1.3,83,0.6,3.1,3.6,0.8,0.8,0.6,0.1,2.2,11.3,1,0,-3.8,No
352,Nicolas Claxton,BKN,20,14,5,9,13.1,4.4,1.9,3.3,56.5,0.1,0.5,14.3,0.6,1.4,47.4,1.4,1.7,3.1,1.1,0.6,0.1,0.6,1,11.1,0,0,-4.2,No
353,Troy Daniels,LAL,28,37,28,9,11.5,4.4,1.6,3.9,40,1,2.7,37,0.2,0.4,69.2,0.3,0.8,1.1,0.4,0.2,0.2,0.1,0.8,6.9,0,0,0,No
354,Jaylen Nowell,MIN,20,8,1,7,11.4,4.4,1.5,4.3,35.3,0.3,2.3,11.1,1.1,1.3,90,0.3,0.6,0.9,1,0.4,0,0.1,0.8,6.9,0,0,-1.5,No
355,Marko Guduric,MEM,24,32,14,18,13.4,4.3,1.6,4.2,37,0.6,2.2,28.6,0.6,0.7,90.5,0.4,1.6,1.9,1.3,1.1,0.3,0.2,1,9.2,0,0,-1.7,No
356,Al-Farouq Aminu,ORL,29,18,7,11,21.1,4.3,1.4,4.8,29.1,0.5,2,25,1.1,1.6,65.5,1.3,3.5,4.8,1.2,0.9,1,0.4,1.5,15.3,1,0,-1.9,No
356,Dante Exum,CLE,24,30,7,23,13.4,4.3,1.6,3.4,45.6,0.3,1.1,29.4,0.9,1.2,72.2,0.3,1.5,1.8,1.1,0.9,0.4,0.2,1,8.8,0,0,-3.9,No
356,Ryan Broekhoff,DAL,29,15,9,6,10.6,4.3,1.3,3.4,39.2,1.2,2.9,41.9,0.5,0.5,87.5,0.1,2,2.1,0.5,0.3,0.3,0.3,1,8.9,0,0,0.2,No
359,Ante Zizic,CLE,23,16,2,14,10,4.3,1.8,3.1,57.1,0,0,0,0.8,0.9,86.7,0.9,2.6,3.4,0.2,0.3,0.4,0.3,1.3,10.3,1,0,0.1,No
360,Tony Bradley,UTA,22,37,24,13,10.3,4.3,1.9,3,63.6,0,0,0,0.5,0.8,61.3,1.6,2.6,4.2,0.2,0.5,0.3,0.4,2,11.2,0,0,-0.9,No
361,Wayne Ellington,NYK,32,25,4,21,14.2,4.3,1.4,4.3,33.3,1.2,3.6,32.6,0.2,0.3,75,0.1,1.5,1.6,0.9,0.6,0.4,0.1,1,8.3,0,0,-0.8,No
362,Dzanan Musa,BKN,20,35,17,18,11.5,4.2,1.4,4,36,0.4,1.9,23.1,0.9,1.3,75,0.5,1.5,2,0.9,0.8,0.4,0,0.7,8.4,0,0,-1.2,No
363,JaKarr Sampson,IND,26,18,10,8,13.8,4.2,1.9,3.3,59.3,0.1,0.6,18.2,0.2,0.6,40,0.6,1.8,2.4,0.2,0.3,0.3,0.4,1.7,9.4,0,0,0,No
364,Elie Okobo,PHX,22,41,17,24,12.9,4.2,1.4,3.4,39.7,0.5,1.4,36.8,1,1.4,67.8,0.3,1.3,1.6,2.1,0.5,0.4,0.1,1,10.4,0,0,-0.9,No
365,Theo Pinson,BKN,24,28,12,16,12.2,4.2,1.6,5.4,29.3,0.5,2.8,19.5,0.5,0.6,93.8,0.4,1.4,1.7,1.9,1.1,0.5,0.1,1.2,9.7,0,0,-1,No
366,Alfonzo McKinnie,CLE,27,35,8,27,14.3,4.2,1.7,4,41.4,0.3,1.5,22.2,0.5,0.8,70.4,0.9,2,2.9,0.4,0.6,0.5,0.2,1.7,9.7,1,0,-1.7,No
367,Ryan Arcidiacono,CHI,25,49,19,30,14.9,4.2,1.4,3.5,40.9,0.9,2.2,41.1,0.4,0.6,71.4,0.3,1.3,1.7,1.6,0.5,0.4,0.1,1.6,9.4,0,0,-1.2,No
368,Iman Shumpert,BKN,29,13,9,4,18.5,4.2,1.6,4.9,32.8,0.6,2.5,24.2,0.3,0.5,57.1,0.7,1.9,2.6,0.9,0.8,0.9,0.2,1.6,11.1,0,0,-4,No
369,Bruno Fernando,ATL,21,43,12,31,12.3,4.1,1.7,3.4,51,0.1,0.7,13.3,0.6,0.9,61.5,1.2,2.1,3.3,0.9,0.9,0.3,0.3,1.9,10.6,1,0,-0.7,No
370,Noah Vonleh,DEN,24,29,10,19,12,4.1,1.6,3,54.7,0.1,0.5,14.3,0.8,1,82.1,1.2,2.8,4,0.9,0.7,0.4,0.2,1.2,11.4,0,0,-1.7,No
371,Ty Jerome,PHX,22,18,7,11,11.8,4.1,1.6,4.1,39.7,0.6,1.7,35.5,0.2,0.3,80,0.3,1.4,1.7,1.8,0.7,0.7,0.2,1.2,10.6,0,0,-3.7,No
372,Michael Kidd-Gilchrist,CHA,26,12,4,8,13.3,4,1.5,4.4,34,0.4,1.4,29.4,0.6,0.8,77.8,0.8,2.2,2.9,0.8,0.6,0,0.3,1.5,8.9,0,0,1.8,No
372,Raul Neto,PHI,27,43,24,19,11.1,4,1.6,3.6,43.8,0.6,1.5,38.1,0.3,0.4,77.8,0.3,0.8,1.1,1.5,0.8,0.5,0.1,0.9,8.4,0,0,0.4,No
374,Khem Birch,ORL,27,37,14,23,20.5,3.9,1.4,2.9,48.1,0,0,0,1.1,1.8,61.2,1.8,2.9,4.8,0.9,0.6,0.4,0.5,1.9,13.3,0,0,-2.5,No
375,Jevon Carter,PHX,24,36,15,21,14,3.9,1.4,3.6,39.2,0.8,2.1,40.5,0.3,0.3,81.8,0.4,1.3,1.8,1.4,0.7,0.8,0.3,1.4,10.5,0,0,-1.2,No
376,Thon Maker,DET,22,48,19,29,11.4,3.9,1.2,2.5,49.2,0.3,0.8,30.8,1.2,1.8,67,0.8,1.6,2.4,0.6,0.6,0.4,0.5,1.5,9.6,1,0,-1.5,No
377,Robert Williams III,BOS,22,19,14,5,14.1,3.9,1.7,2.6,67.3,0,0,0,0.4,0.7,57.1,1.2,3.4,4.6,1.1,0.8,0.9,1.1,1.8,16.2,0,0,0.1,No
378,Nassir Little,POR,19,39,18,21,12.7,3.8,1.4,3.3,43,0.3,1.3,25.5,0.7,1,66.7,0.7,1.8,2.5,0.5,0.4,0.3,0.4,1.6,9,1,0,-0.8,No
379,Kenrich Williams,NOP,25,35,12,23,22.3,3.8,1.4,4.1,34.3,0.7,2.7,26,0.3,0.7,37.5,1.4,3.7,5.1,1.5,0.6,0.7,0.6,2.3,15.5,0,0,-1.4,No
380,Grant Williams,BOS,21,48,35,13,15.5,3.8,1.4,3.3,42.3,0.4,1.4,25.4,0.6,0.9,68.9,1,1.7,2.7,1.1,0.8,0.4,0.6,2.4,10.8,0,0,3.1,No
381,Courtney Lee,DAL,34,11,8,3,8.4,3.7,1.5,2.5,59.3,0.8,1.4,60,0,0,0,0,0.5,0.5,0.4,0.2,0,0.2,0.6,5.3,0,0,1.4,No
382,Dragan Bender,MIL,22,7,7,0,13,3.7,1.4,3,47.6,0.6,1.3,44.4,0.3,0.4,66.7,0,2.9,2.9,1.3,0.7,0,0.7,2.3,10.5,0,0,6.3,No
383,Cristiano Felicio,CHI,27,13,5,8,17.3,3.6,1.4,2.2,62.1,0,0.1,0,0.8,1.1,78.6,2.4,2,4.4,0.5,0.7,0.4,0.1,1.2,10.4,0,0,-3.3,No
384,Tim Frazier,DET,29,27,9,18,13.1,3.6,1.3,3.5,36.2,0.4,1.1,33.3,0.7,0.9,79.2,0.3,0.9,1.2,3.4,1.3,0.5,0.1,1.6,10.9,0,0,-2,No
385,Nicolas Batum,CHA,31,22,6,16,23,3.6,1.3,3.7,34.6,0.6,2.2,28.6,0.4,0.5,90,1.1,3.4,4.5,3,1,0.8,0.4,1.9,16,0,0,-2.2,No
386,Gary Clark,ORL,25,27,15,12,12.3,3.6,1.2,3.1,39.3,0.9,2.6,33.8,0.2,0.3,85.7,0.9,1.7,2.5,0.5,0.1,0.1,0.4,0.9,8.8,0,0,0,No
387,Johnathan Williams,WAS,24,10,5,5,13.4,3.5,1.6,2.5,64,0,0.2,0,0.3,0.5,60,1.5,2.8,4.3,0.6,0.4,0.1,0.6,1.1,11.3,0,0,-4.7,No
387,Tremont Waters,BOS,22,8,6,2,8.9,3.5,1.3,3.4,37,0.3,1.9,13.3,0.8,0.8,100,0,0.9,0.9,1.3,1,0.6,0.3,1.3,8.1,0,0,3.1,No
389,Kyle O'Quinn,PHI,29,22,15,7,10.1,3.5,1.5,2.9,50,0.3,1,33.3,0.2,0.5,45.5,1.2,2.5,3.7,1.5,0.8,0.2,0.8,1.3,12.1,1,0,-1.7,No
390,Anthony Tolliver,SAC,34,40,18,22,15.4,3.4,1.1,3.3,34.6,0.8,2.6,31.4,0.4,0.5,66.7,0.7,2.2,3,0.8,0.6,0.3,0.3,1.5,9.1,1,0,-4.1,No
391,Rodney McGruder,LAC,28,39,27,12,16.7,3.4,1.3,3.4,37.3,0.5,1.8,26.8,0.3,0.6,52.2,0.6,2.3,2.9,0.6,0.5,0.5,0.2,1.6,9.5,0,0,0.5,No
392,Evan Turner,MIN,31,19,3,16,13.2,3.3,1.3,3.5,37.3,0,0.3,0,0.6,0.7,85.7,0.4,1.6,2,2,1.4,0.5,0.4,1.1,10,0,0,-3.4,No
393,Shaquille Harrison,CHI,26,31,11,20,7.6,3.3,1.2,2.7,42.4,0.2,0.6,36.8,0.7,1,73.3,0.3,1.1,1.4,1,0.3,0.5,0.2,0.8,8,1,0,1.8,No
394,Admiral Schofield,WAS,22,26,8,18,11.2,3.2,1.2,2.9,40,0.5,1.8,29.8,0.3,0.5,69.2,0.2,1.1,1.3,0.5,0.3,0.3,0.1,1.6,6.6,0,0,-1.2,No
395,Tacko Fall,BOS,24,6,5,1,4,3.2,1.5,2,75,0,0,0,0.2,0.5,33.3,0,1.8,1.8,0,0.5,0,0.3,0.8,5.9,0,0,1.2,No
396,Kevon Looney,GSW,24,13,5,8,11.1,3.2,1.3,3.5,37.8,0.1,0.3,25,0.5,0.6,75,1.7,1.5,3.2,0.8,0.5,0.5,0.3,1.5,10,0,0,-3.5,No
397,Chris Silva,MIA,23,34,23,11,7.8,3.1,1.1,1.7,67.2,0,0.1,0,0.9,1.3,67.4,1.4,1.5,2.9,0.4,0.9,0.3,0.5,2.1,8.6,0,0,-0.2,No
397,Juancho Hernangomez,MIN,24,34,20,14,12.4,3.1,1.1,3.2,34.5,0.4,1.8,25,0.5,0.7,64,0.7,2.1,2.8,0.6,0.5,0.1,0.1,0.9,7.8,0,0,0.2,No
399,Goga Bitadze,IND,20,40,24,16,8.9,3.1,1.3,2.6,47.6,0.1,0.6,16.7,0.5,0.7,69,0.5,1.6,2.2,0.5,0.5,0.1,0.7,1.3,8,1,0,-0.3,No
399,Javonte Green,BOS,26,40,28,12,9.3,3.1,1.2,2.3,51.6,0.2,0.6,26.1,0.6,0.9,64.7,0.4,1.3,1.7,0.5,0.4,0.5,0.1,0.9,7.4,0,0,0.1,No
401,Carsen Edwards,BOS,21,31,22,9,9.5,3.1,1.1,3.3,32,0.6,2,30.6,0.4,0.4,84.6,0.2,1.1,1.3,0.7,0.5,0.3,0.1,0.9,6.5,0,0,-1.2,No
402,D.J. Wilson,MIL,23,26,24,2,9,3.1,1.2,3,40.5,0.4,1.7,24.4,0.2,0.3,71.4,0.2,1.8,2,0.7,0.5,0,0.2,0.8,6.6,0,0,-0.8,No
403,Jordan Bell,HOU,25,27,8,19,8.7,3.1,1.2,2.2,53.3,0.1,0.3,22.2,0.6,1.1,58.6,1,1.9,2.9,0.5,0.7,0.1,0.4,0.6,8,0,0,-0.3,No
404,Semi Ojeleye,BOS,25,48,34,14,15,3.1,1,2.5,40.2,0.6,1.5,36.5,0.5,0.5,88,0.4,1.4,1.9,0.5,0.2,0.4,0.1,1.1,7.2,0,0,0.3,No
405,TJ Leaf,IND,22,22,13,9,8.2,3,1.3,3,42.4,0.2,0.6,35.7,0.3,0.5,60,0.9,1.8,2.7,0.3,0.3,0.3,0.1,0.8,7.8,1,0,-0.5,No
406,Drew Eubanks,SAS,23,7,5,2,5.5,3,1.3,2,64.3,0,0,0,0.4,0.4,100,0.9,1.4,2.3,0.3,0.6,0,0.1,0.7,6,0,0,-5.1,No
406,Marial Shayok,PHI,24,1,0,1,7.5,3,1,3,33.3,1,3,33.3,0,0,0,0,1,1,0,1,0,0,0,3.2,0,0,-4,No
408,Jerome Robinson,LAC,22,42,29,13,11.3,2.9,1.1,3.2,33.8,0.5,1.6,28.4,0.3,0.5,57.9,0.1,1.3,1.4,1.1,0.6,0.3,0.2,1.3,7.1,0,0,0.9,No
409,Mfiondu Kabengele,LAC,22,10,8,2,4.4,2.9,1,2.2,45.5,0.6,1.2,50,0.3,0.3,100,0.1,0.7,0.8,0.1,0.1,0.1,0.1,0.6,4.5,0,0,-0.1,No
410,Tyrone Wallace,ATL,25,14,3,11,11.5,2.9,1,3.1,31.8,0.1,1.1,6.7,0.8,1.2,64.7,0.2,1.4,1.6,0.9,0.7,0.5,0.1,1.4,7.1,0,0,-2.3,No
411,Bruno Caboclo,MEM,24,22,7,15,8.7,2.8,1.3,3.1,40.6,0.2,1.1,16,0.1,0.1,66.7,0.8,1.2,2,0.5,0.3,0.5,0.5,1,8.6,1,0,-0.9,No
412,Chandler Parsons,ATL,31,5,0,5,10.8,2.8,1,3.6,27.8,0.8,2.8,28.6,0,0,0,0.2,1.2,1.4,0.6,0.6,0.8,0.2,0.6,7.8,0,0,-8,No
413,Deonte Burton,OKC,26,30,18,12,8.5,2.7,1.1,3.1,36.6,0.2,1.3,17.9,0.2,0.4,50,0.2,1.1,1.3,0.3,0.3,0.1,0.3,0.9,5.8,0,0,-1.6,No
414,Jalen Lecque,PHX,19,3,1,2,7.2,2.7,1,2.3,42.9,0,1,0,0.7,0.7,100,0,0,0,0.3,0.3,0,0,0.7,2.8,0,0,-6.7,No
414,Jaylen Hoard,POR,20,12,7,5,7.8,2.7,1.1,2.4,44.8,0,0.3,0,0.5,0.9,54.5,1.1,1.4,2.5,0.3,0.3,0.4,0,0.8,7.1,0,0,0.6,No
416,Justin James,SAC,23,29,10,19,7.3,2.6,1,2.6,39.2,0.3,0.9,32,0.3,0.7,52.6,0.2,0.8,1,0.5,0.3,0.2,0.3,0.5,5.9,0,0,-0.6,No
417,Matthew Dellavedova,CLE,29,46,12,34,12.3,2.6,0.9,2.8,32.8,0.2,1.5,16.4,0.5,0.6,89.3,0.3,0.9,1.1,2.6,0.9,0.3,0,1.3,8,0,0,-0.2,No
418,Chimezie Metu,SAS,22,15,7,8,4.3,2.5,1.1,1.9,55.2,0,0,0,0.4,0.5,75,0.6,0.9,1.5,0.3,0.2,0.1,0.3,0.2,5.7,0,0,0.8,No
418,Romeo Langford,BOS,20,15,13,2,9.7,2.5,0.9,1.9,50,0.1,0.7,20,0.5,0.7,80,0.3,0.5,0.9,0.2,0.3,0.3,0.2,0.7,4.9,0,0,4.1,No
420,Adam Mokoka,CHI,21,6,1,5,3.6,2.5,1,2.5,40,0.5,1.2,42.9,0,0.3,0,0.7,0,0.7,0,0,0.2,0,0.2,3.8,0,0,2.2,No
420,Amir Coffey,LAC,22,2,1,1,2.7,2.5,1,1.5,66.7,0.5,1,50,0,0,0,0,0,0,0.5,0,0,0,0.5,3.3,0,0,-3,No
420,Max Strus,CHI,23,2,0,2,3.1,2.5,1,1.5,66.7,0,0.5,0,0.5,0.5,100,0.5,0,0.5,0,0,0,0,0.5,3.1,0,0,7.5,No
420,Norvel Pelle,PHI,27,14,8,6,11.1,2.5,1.1,1.9,55.6,0,0,0,0.4,0.7,50,0.9,2.8,3.6,0.5,0.8,0.1,1.5,2.2,11.6,0,0,-2.7,No
420,Ryan Anderson,HOU,31,2,1,1,7,2.5,1,3.5,28.6,0.5,2.5,20,0,0,0,0,3.5,3.5,1,0.5,0.5,0,0.5,9.2,0,0,3.5,No
420,Udonis Haslem,MIA,39,2,2,0,5.4,2.5,0.5,0.5,100,0,0,0,1.5,2,75,0,1.5,1.5,0,0,0,0,1.5,4.3,0,0,-3.5,No
426,Chris Chiozza,BKN,24,14,4,10,10.4,2.4,0.9,3.1,30.2,0.6,1.5,38.1,0,0,0,0,1.3,1.3,2.4,0.7,0.9,0.1,0.9,9.9,0,0,4.3,No
427,Thabo Sefolosha,HOU,35,35,24,11,10.8,2.3,0.9,2.3,41.8,0.4,1.4,30.6,0,0.2,16.7,0.5,1.9,2.4,0.7,0.3,0.5,0.3,1.1,8.2,0,0,1.2,No
428,Shamorie Ponds,TOR,21,4,4,0,2.6,2.3,0.8,1.3,60,0.3,0.5,50,0.5,0.5,100,0,0.3,0.3,0.5,0,0,0.3,0.5,4.1,0,0,0,No
429,Charles Brown Jr.,ATL,23,9,1,8,4.5,2.2,0.7,2.1,31.6,0.3,1,33.3,0.6,0.6,100,0.2,0.2,0.4,0.2,0.3,0.2,0.2,0.3,4.1,0,0,3.1,No
429,Louis King,DET,20,9,3,6,6.1,2.2,0.9,2.1,42.1,0.4,1.1,40,0,0.3,0,0.1,0.8,0.9,0.6,0.2,0.2,0,1.1,4.6,0,0,2.2,No
431,Caleb Swanigan,POR,22,14,8,6,8.9,2.2,1,1.7,58.3,0,0,0,0.2,0.5,42.9,0.9,2.4,3.4,0.7,1.2,0.1,0.3,1.8,7.2,0,0,-3.4,No
432,DeMarre Carroll,SAS,33,15,7,8,9,2.2,0.6,1.9,31,0.2,0.9,23.1,0.8,1.3,60,0.5,1.6,2.1,0.7,0.7,0.1,0.1,1.3,5.9,0,0,1.3,No
432,Michael Frazier,HOU,25,5,3,2,8,2.2,0.6,1.8,33.3,0.4,1.4,28.6,0.6,0.8,75,0.2,0.4,0.6,0.2,0,0.2,0,1.6,3.8,0,0,-0.2,No
434,Derrick Walton Jr.,ATL,24,23,14,9,9.6,2.2,0.7,1.6,47.2,0.4,0.9,42.9,0.3,0.4,77.8,0.1,0.6,0.7,1,0.2,0.2,0,0.8,4.7,0,0,0.2,No
435,Jalen McDaniels,CHA,22,2,0,2,3.3,2,1,2.5,40,0,0.5,0,0,0,0,0.5,0,0.5,0,0,0,0,0,2.6,0,0,0,No
435,Oshae Brissett,TOR,21,16,12,4,7.5,2,0.8,2,37.5,0.2,0.8,23.1,0.3,0.4,83.3,0.5,0.9,1.4,0.3,0.4,0.3,0.1,1.1,4.5,0,0,0.9,No
435,Thanasis Antetokounmpo,MIL,27,15,13,2,4.1,2,0.9,1.5,56.5,0,0.2,0,0.3,0.6,44.4,0.4,0.1,0.5,0.4,0.3,0.1,0.1,0.6,3.4,0,0,-0.7,No
438,Vincent Poirier,BOS,26,17,15,2,5.8,1.9,0.8,1.6,46.4,0.1,0.1,50,0.4,0.4,85.7,0.5,1.3,1.8,0.4,0.3,0.1,0.4,1.2,5.9,0,0,-0.2,No
439,Ignas Brazdeikis,NYK,21,9,1,8,5.9,1.9,0.7,2.4,27.3,0.1,1,11.1,0.4,0.6,80,0.2,0.3,0.6,0.4,0.2,0,0.1,0.3,3.3,0,0,-1.3,No
440,Caleb Martin,CHA,24,5,0,5,6.4,1.8,0.6,2,30,0,0.6,0,0.6,1,60,0.2,0.8,1,0.6,0.6,0.2,0.4,0.6,5.1,0,0,-0.6,No
440,Justin Patton,OKC,22,5,2,3,4.8,1.8,0.8,2,40,0.2,0.8,25,0,0,0,0.2,0.8,1,0.4,0.4,0,0,0.8,3.2,0,0,-3.2,No
442,Dean Wade,CLE,23,9,1,8,5.6,1.8,0.8,1.1,70,0.2,0.3,66.7,0,0.1,0,0.2,1.4,1.7,0.1,0.3,0.2,0.3,0.8,5.3,0,0,0.3,No
443,Terance Mann,LAC,23,30,21,9,8.1,1.8,0.7,1.6,42.9,0.1,0.4,18.2,0.3,0.4,75,0.1,0.8,1,1.1,0.5,0.2,0.2,1,5.2,0,0,-0.1,No
444,Tyler Cook,CLE,22,11,3,8,3.2,1.7,0.6,0.9,70,0,0,0,0.5,0.5,83.3,0.4,0.5,0.9,0.1,0.1,0.1,0,0.4,3.1,0,0,-1.3,No
445,Jared Dudley,LAL,34,35,25,10,8.4,1.7,0.6,1.3,43.5,0.5,0.9,50,0.1,0.1,100,0.1,1,1.1,0.5,0.2,0.3,0.1,1,4.8,0,0,0,No
446,Alize Johnson,IND,23,11,8,3,4.2,1.6,0.6,1.3,50,0,0,0,0.4,0.5,66.7,0.5,0.8,1.4,0.2,0.1,0,0,0.5,3.5,0,0,0.5,No
447,BJ Johnson,ORL,24,8,4,4,5.8,1.6,0.6,2.3,27.8,0.1,0.8,16.7,0.3,0.3,100,0.1,0.6,0.8,0.3,0.4,0.3,0,0,3.3,0,0,-2.9,No
448,Rayjon Tucker,UTA,22,12,10,2,6.2,1.6,0.7,1.6,42.1,0,0.5,0,0.3,0.4,60,0.2,0.8,0.9,0.2,0.3,0.1,0,0.6,2.9,0,0,-0.7,No
449,Josh Magette,ORL,30,8,3,5,4.7,1.5,0.6,1.9,33.3,0.1,0.5,25,0.1,0.3,50,0.1,0.6,0.8,0.6,0.6,0.4,0.1,0.5,4.2,0,0,0.1,No
450,Justin Robinson,WAS,22,9,2,7,5.4,1.4,0.6,1.3,41.7,0.3,0.6,60,0,0,0,0.1,0.4,0.6,0.8,0.3,0,0.1,0.2,3.3,0,0,3.4,No
451,Moses Brown,POR,20,7,4,3,3.3,1.4,0.6,1.3,44.4,0,0,0,0.3,0.6,50,0.4,1.1,1.6,0,0.4,0.1,0,0.7,3.3,0,0,-5.1,No
452,Melvin Frazier Jr.,ORL,23,13,4,9,3.6,1.4,0.5,1.3,35.3,0.3,0.5,57.1,0.2,0.3,50,0.1,0.2,0.3,0.1,0.2,0.3,0.2,0.6,3.1,0,0,0.3,No
453,Vlatko Cancar,DEN,22,11,6,5,3.4,1.4,0.5,1,45.5,0.1,0.5,20,0.4,0.4,100,0.3,0.5,0.7,0.3,0.3,0.1,0.1,0.5,2.9,0,0,0.1,No
454,Tyson Chandler,HOU,37,25,15,10,8.8,1.4,0.6,0.7,77.8,0,0,0,0.2,0.5,46.2,1,1.6,2.6,0.2,0.3,0.2,0.3,1.3,6.2,0,0,1.3,No
455,Wenyen Gabriel,POR,22,14,4,10,6.3,1.4,0.4,1.5,28.6,0.1,0.6,11.1,0.4,0.7,60,0.4,0.5,0.9,0.3,0.4,0.4,0.3,1,4.3,0,0,-1.9,No
456,Zylan Cheatham,NOP,24,3,2,1,10.2,1.3,0.7,1.7,40,0,0.3,0,0,0,0,0.3,1.7,2,0.7,1,0,0.3,1.7,4.7,0,0,-10,No
457,Ed Davis,UTA,30,25,15,10,10.7,1.3,0.6,1.4,41.2,0,0,0,0.2,0.4,45.5,1.2,2.6,3.8,0.3,0.5,0.4,0.4,2.2,8.1,0,0,-3.5,No
458,Frank Mason,MIL,25,4,4,0,4.4,1.3,0.3,1.8,14.3,0.3,1,25,0.5,1,50,0.3,0.3,0.5,1.3,0.3,0.3,0,0.5,4.2,0,0,4.3,No
459,Stanley Johnson,TOR,23,17,13,4,5,1.2,0.5,1.6,28.6,0.1,0.7,16.7,0.2,0.2,75,0.2,0.9,1.1,0.4,0.5,0.2,0.1,0.5,3.4,0,0,-1.1,No
460,Johnathan Motley,LAC,24,9,7,2,2.1,1.2,0.4,0.7,66.7,0.1,0.1,100,0.2,0.2,100,0.1,0.3,0.4,0.6,0.4,0.3,0,0.6,3.1,0,0,-0.6,No
461,Jarred Vanderbilt,MIN,20,9,5,4,4.6,1.1,0.6,0.8,71.4,0,0,0,0,0,0,0.3,0.6,0.9,0.2,0.8,0.3,0.1,0.7,3.1,0,0,-1.9,No
462,Antonius Cleveland,DAL,26,5,3,2,4,1,0.4,1,40,0,0.2,0,0.2,0.4,50,0,0.6,0.6,0,0.2,0.2,0.2,0.4,2.7,0,0,-1.2,No
462,Devon Hall,OKC,24,5,3,2,3.9,1,0.2,1,20,0,0.4,0,0.6,0.8,75,0,0.2,0.2,0.6,0.2,0,0,0.2,1.9,0,0,4,No
462,Dewan Hernandez,TOR,23,4,4,0,2.8,1,0.3,1.3,20,0,0.3,0,0.5,0.5,100,0.5,1.3,1.8,0,0.3,0.3,0,1.5,3.6,0,0,0.3,No
462,Jeremiah Martin,BKN,23,2,2,0,5.5,1,0.5,2,25,0,0,0,0,0,0,0,0.5,0.5,0.5,0,0.5,0,0,3.9,0,0,1.5,No
462,Jonah Bolden,PHI,24,4,4,0,3.6,1,0.5,0.8,66.7,0,0.3,0,0,0.5,0,0,0.3,0.3,0,0.5,0.3,0,1,1.6,0,0,-3,No
462,Josh Gray,NOP,26,2,1,1,11.4,1,0.5,1,50,0,0,0,0,0,0,0.5,0.5,1,1,2.5,0,0,0.5,1.2,0,0,-3.5,No
462,Justin Anderson,BKN,26,3,2,1,5.6,1,0.3,2,16.7,0,1,0,0.3,0.7,50,0,0.7,0.7,0,0,0,0.3,0.7,2.8,0,0,-2.7,No
462,Keldon Johnson,SAS,20,4,1,3,3.1,1,0.5,1.3,40,0,0,0,0,0,0,0,0.8,0.8,0,0,0,0,0,1.9,0,0,2.3,No
462,Kyle Guy,SAC,22,2,1,1,2,1,0.5,1,50,0,0.5,0,0,0,0,0,0,0,0,0,0,0,0,1,0,0,-1.5,No
462,Matt Mooney,CLE,22,2,0,2,2.3,1,0.5,1,50,0,0.5,0,0,0,0,0,0.5,0.5,0.5,0,0,0.5,0.5,3.9,0,0,1,No
462,Tariq Owens,PHX,24,2,0,2,5.3,1,0.5,2,25,0,0.5,0,0,0,0,1,0,1,0,0,0.5,0,0,3.7,0,0,-7,No
462,Yuta Watanabe,MEM,25,7,3,4,3.9,1,0.4,0.9,50,0.1,0.3,50,0,0.3,0,0.1,0.7,0.9,0,0.1,0,0.1,0.3,2.3,0,0,1.6,No
462,Zhaire Smith,PHI,20,6,2,4,4.9,1,0.3,1.7,20,0,0.5,0,0.3,0.7,50,0,0.3,0.3,0.3,0.2,0.5,0,0.5,3.2,0,0,-0.7,No
475,Malcolm Miller,TOR,26,22,19,3,5.3,0.9,0.3,1,33.3,0.2,0.7,31.3,0,0.3,16.7,0,0.6,0.6,0.4,0.1,0.2,0.1,0.5,2.9,0,0,2,No
476,Amile Jefferson,ORL,26,18,5,13,4.1,0.8,0.3,0.8,35.7,0,0,0,0.3,0.8,35.7,0.6,0.7,1.3,0.2,0.2,0.1,0.2,0.4,3.2,0,0,1,No
477,Juwan Morgan,UTA,22,11,8,3,4,0.8,0.4,0.6,57.1,0.1,0.4,25,0,0,0,0.2,0.5,0.7,0.1,0.2,0,0.1,0.3,1.9,0,0,1,No
478,John Konchar,MEM,23,5,3,2,5.9,0.8,0.4,0.8,50,0,0.4,0,0,0,0,0,0.4,0.4,0.4,0,0,0,0.2,1.9,0,0,-2.6,No
479,Daryl Macon,MIA,24,4,4,0,3.5,0.8,0.3,0.8,33.3,0.3,0.5,50,0,0,0,0,0,0,0.3,0.5,0,0,0.3,0.6,0,0,0,No
480,Brian Bowen II,IND,21,3,2,1,3.2,0.7,0.3,1.3,25,0,0.3,0,0,0,0,0,0.3,0.3,0,0,0,0.3,0,2.1,0,0,1,No
480,DaQuan Jeffries,SAC,22,3,0,3,4.1,0.7,0.3,1,33.3,0,0.3,0,0,0,0,0.3,0,0.3,0.3,0,0,0,1,1.6,0,0,1.3,No
480,Jared Harper,PHX,22,3,1,2,2.6,0.7,0.3,1.3,25,0,0.7,0,0,0,0,0,0,0,0,0,0,0,0,0.7,0,0,-3.7,No
483,Jordan Bone,DET,22,7,3,4,3.7,0.6,0.3,1.7,16.7,0,0.6,0,0,0,0,0,0.1,0.1,0.6,0.3,0,0,0.4,1.3,0,0,0.6,No
484,Khyri Thomas,DET,23,2,1,1,2.8,0.5,0,0,0,0,0,0,0.5,1,50,0,0,0,0,0,0,0,0,0.5,0,0,-2,No
485,Nigel Williams-Goss,UTA,25,9,5,4,3.1,0.4,0.1,0.8,14.3,0,0.2,0,0.2,0.2,100,0.2,0.3,0.6,0.6,0.2,0.1,0.1,0.2,2.4,0,0,0.8,No
486,Henry Ellenson,BKN,23,5,2,3,3,0.4,0.2,1.4,14.3,0,0.8,0,0,0,0,0.4,0.8,1.2,0.2,0,0,0,0.2,2.1,0,0,2.4,No
487,Paul Watson,TOR,25,4,2,2,5.6,0.3,0,1.8,0,0,0.8,0,0.3,0.5,50,0,0.8,0.8,1,0,0.3,0,0.3,3.4,0,0,1.8,No
488,Isaiah Roby,OKC,22,1,1,0,1.5,0,0,1,0,0,0,0,0,0,0,0,0,0,0,0,0,0,0,0,0,0,-6,No
488,Jarrell Brantley,UTA,23,3,0,3,3.7,0,0,0,0,0,0,0,0,0,0,0,1.7,1.7,0.3,0.3,0,0.7,0.3,4.2,0,0,1.7,No
488,Josh Reaves,DAL,22,2,1,1,0.7,0,0,0.5,0,0,0,0,0,0,0,0,0,0,0,0,0,0,0,0,0,0,-2.5,No
488,KZ Okpala,MIA,20,4,2,2,1.1,0,0,0,0,0,0,0,0,0,0,0,0.3,0.3,0,0.3,0,0,0,0.1,0,0,-1.8,No
488,Kevin Hervey,OKC,23,6,3,3,2.2,0,0,0.8,0,0,0.7,0,0,0,0,0,0.3,0.3,0.2,0,0,0,0.2,0.7,0,0,-0.7,No
488,Kostas Antetokounmpo,LAL,22,3,3,0,1.7,0,0,0,0,0,0,0,0,0,0,0,0.3,0.3,0.3,0,0,0,0,0.9,0,0,-0.7,No
488,Marques Bolden,CLE,21,1,0,1,2.8,0,0,0,0,0,0,0,0,0,0,0,2,2,0,0,1,0,1,5.4,0,0,4,No
488,Miye Oni,UTA,22,3,2,1,2.8,0,0,0,0,0,0,0,0,0,0,0,0.3,0.3,0,0.3,0,0,0,0.1,0,0,-4,No
488,Stanton Kidd,UTA,27,4,3,1,3.8,0,0,0.8,0,0,0.3,0,0,0,0,0,0.8,0.8,0.3,0.5,0,0,0.8,0.8,0,0,-0.3,No
488,Talen Horton-Tucker,LAL,19,2,1,1,2.7,0,0,0.5,0,0,0.5,0,0,0,0,0,0,0,1,0,0.5,0,0,3,0,0,-3.5,No
488,Vic Law,ORL,24,2,0,2,1.8,0,0,0.5,0,0,0.5,0,0,1,0,0,0,0,0,0,0,0,0,0,0,0,1.5,No
488,Zach Norvell Jr.,LAL,22,2,2,0,2.4,0,0,0.5,0,0,0,0,0,0,0,0,0.5,0.5,0,0,0,0,0,0.6,0,0,-2,No
,,,,,,,,,,,,,,,,,,,,,,,,,,,,,,No
